7700,4,4400,10200,10,0,0,0,0,0,0,0,0,0,0,0,0,0,0,0,0,0,0,0,0,0,0,0,0,0
8,1,551190,6,446640,-10210311103.0,6,0,0,0,0,0,0,0,0,0,0,0,0,0,0,0,0,0,0,0,0,0,0,0
77770,5,44440,104105106107.0,6,0,0,0,0,0,0,0,0,0,0,0,0,0,0,0,0,0,0,0,0,0,0,0,0,0
2220,4,660,-1110,6,0,0,0,0,0,0,0,0,0,0,0,0,0,0,0,0,0,0,0,0,0,0,0,0,0
51170,5,46640,-104111080,6,0,0,0,0,0,0,0,0,0,0,0,0,0,0,0,0,0,0,0,0,0,0,0,0,0
51170,5,46640,-104111080,6,0,0,0,0,0,0,0,0,0,0,0,0,0,0,0,0,0,0,0,0,0,0,0,0,0
51170,5,46640,-104111080,6,0,0,0,0,0,0,0,0,0,0,0,0,0,0,0,0,0,0,0,0,0,0,0,0,0
9,1,-4,109,6,0,0,0,0,0,0,0,0,0,0,0,0,0,0,0,0,0,0,0,0,0,0,0,0,0
9,1,-4,110,6,0,0,0,0,0,0,0,0,0,0,0,0,0,0,0,0,0,0,0,0,0,0,0,0,0
5170,4,4640,-10411110,11,0,0,0,0,0,0,0,0,0,0,0,0,0,0,0,0,0,0,0,0,0,0,0,0,0
5170,4,4640,-10511080,6,0,0,0,0,0,0,0,0,0,0,0,0,0,0,0,0,0,0,0,0,0,0,0,0,0
511,3,-477,-10411,8,1,-5170,4,4440,-10611080,6,0,0,0,0,0,0,0,0,0,0,0,0,0,0,0,0,0,0,0
51170,5,46640,-104111110,11,0,0,0,0,0,0,0,0,0,0,0,0,0,0,0,0,0,0,0,0,0,0,0,0,0
5170,4,4640,-10511080,6,0,0,0,0,0,0,0,0,0,0,0,0,0,0,0,0,0,0,0,0,0,0,0,0,0
5170,4,4640,-10711080,6,0,0,0,0,0,0,0,0,0,0,0,0,0,0,0,0,0,0,0,0,0,0,0,0,0
51170,5,46640,-104111080,6,0,0,0,0,0,0,0,0,0,0,0,0,0,0,0,0,0,0,0,0,0,0,0,0,0
51170,5,46640,-104111080,6,0,0,0,0,0,0,0,0,0,0,0,0,0,0,0,0,0,0,0,0,0,0,0,0,0
511770,6,466440,-10411108112.0,6,0,0,0,0,0,0,0,0,0,0,0,0,0,0,0,0,0,0,0,0,0,0,0,0,0
511770,6,466440,-10411108112.0,6,0,0,0,0,0,0,0,0,0,0,0,0,0,0,0,0,0,0,0,0,0,0,0,0,0
511770,6,466440,-10411108113.0,6,0,0,0,0,0,0,0,0,0,0,0,0,0,0,0,0,0,0,0,0,0,0,0,0,0
511770,6,466440,-10411108113.0,6,0,0,0,0,0,0,0,0,0,0,0,0,0,0,0,0,0,0,0,0,0,0,0,0,0
51170,5,46640,-104111080,6,0,0,0,0,0,0,0,0,0,0,0,0,0,0,0,0,0,0,0,0,0,0,0,0,0
-211770,6,8000440,-1111141140.0,6,0,0,0,0,0,0,0,0,0,0,0,0,0,0,0,0,0,0,0,0,0,0,0,0,0
22220,5,600660060.0,-11110,6,0,0,0,0,0,0,0,0,0,0,0,0,0,0,0,0,0,0,0,0,0,0,0,0,0
220,3,60600,-110,12,0,0,0,0,0,0,0,0,0,0,0,0,0,0,0,0,0,0,0,0,0,0,0,0,0
220,3,60600,-110,12,0,0,0,0,0,0,0,0,0,0,0,0,0,0,0,0,0,0,0,0,0,0,0,0,0
-50,2,40,1080,7,0,0,0,0,0,0,0,0,0,0,0,0,0,0,0,0,0,0,0,0,0,0,0,0,0
22270,5,668666840.0,-1111150,6,0,0,0,0,0,0,0,0,0,0,0,0,0,0,0,0,0,0,0,0,0,0,0,0,0
-721070,6,49888040,-1101160,6,0,0,0,0,0,0,0,0,0,0,0,0,0,0,0,0,0,0,0,0,0,0,0,0,0
720,3,490,-10,7,0,0,0,0,0,0,0,0,0,0,0,0,0,0,0,0,0,0,0,0,0,0,0,0,0
2220,4,668680,-1110,6,0,0,0,0,0,0,0,0,0,0,0,0,0,0,0,0,0,0,0,0,0,0,0,0,0
151170,6,646640,-1104111080.0,12,0,0,0,0,0,0,0,0,0,0,0,0,0,0,0,0,0,0,0,0,0,0,0,0,0
9,1,-4,117118,13,0,0,0,0,0,0,0,0,0,0,0,0,0,0,0,0,0,0,0,0,0,0,0,0,0
-21151170,8,800046640.0,-11110411119.0,6,0,0,0,0,0,0,0,0,0,0,0,0,0,0,0,0,0,0,0,0,0,0,0,0,0
51170,5,46640,-104111080,6,0,0,0,0,0,0,0,0,0,0,0,0,0,0,0,0,0,0,0,0,0,0,0,0,0
51170,5,46640,-104111080,6,0,0,0,0,0,0,0,0,0,0,0,0,0,0,0,0,0,0,0,0,0,0,0,0,0
9,1,-4,120,6,0,0,0,0,0,0,0,0,0,0,0,0,0,0,0,0,0,0,0,0,0,0,0,0,0
9,1,-4,121,6,0,0,0,0,0,0,0,0,0,0,0,0,0,0,0,0,0,0,0,0,0,0,0,0,0
51770,5,46440,-1051108111.0,6,0,0,0,0,0,0,0,0,0,0,0,0,0,0,0,0,0,0,0,0,0,0,0,0,0
51770,5,46440,-1071108111.0,6,0,0,0,0,0,0,0,0,0,0,0,0,0,0,0,0,0,0,0,0,0,0,0,0,0
-51170,5,46640,-105111080,7,0,0,0,0,0,0,0,0,0,0,0,0,0,0,0,0,0,0,0,0,0,0,0,0,0
-51170,5,46640,-107111080,7,0,0,0,0,0,0,0,0,0,0,0,0,0,0,0,0,0,0,0,0,0,0,0,0,0
-5117701117.0,9,-4111440774.0,-10411242143.01111,7,1,70,2,40,1080,6,0,0,0,0,0,0,0,0,0,0,0,0,0,0,0,0,0,0,0
-5111770117.0,9,-4108144074.0,-104111242143.0111,7,1,70,2,40,1080,6,0,0,0,0,0,0,0,0,0,0,0,0,0,0,0,0,0,0,0
51170,5,46640,-104111080,6,0,0,0,0,0,0,0,0,0,0,0,0,0,0,0,0,0,0,0,0,0,0,0,0,0
51170,5,46640,-104111080,6,0,0,0,0,0,0,0,0,0,0,0,0,0,0,0,0,0,0,0,0,0,0,0,0,0
51170,5,46640,-104111080,6,0,0,0,0,0,0,0,0,0,0,0,0,0,0,0,0,0,0,0,0,0,0,0,0,0
51170,5,46640,-104111080,6,0,0,0,0,0,0,0,0,0,0,0,0,0,0,0,0,0,0,0,0,0,0,0,0,0
770,3,440,1081220,6,0,0,0,0,0,0,0,0,0,0,0,0,0,0,0,0,0,0,0,0,0,0,0,0,0
511770,6,466440,-10411108123.0,6,0,0,0,0,0,0,0,0,0,0,0,0,0,0,0,0,0,0,0,0,0,0,0,0,0
770,3,440,1081220,6,0,0,0,0,0,0,0,0,0,0,0,0,0,0,0,0,0,0,0,0,0,0,0,0,0
511770,6,466440,-10411108124.0,6,0,0,0,0,0,0,0,0,0,0,0,0,0,0,0,0,0,0,0,0,0,0,0,0,0
5117,4,4774,-10411108,6,1,-21107709,8,-1286666044.04,-11101080125.0,6,0,0,0,0,0,0,0,0,0,0,0,0,0,0,0,0,0,0,0
770,3,440,1081220,6,0,0,0,0,0,0,0,0,0,0,0,0,0,0,0,0,0,0,0,0,0,0,0,0,0
511770,6,466440,-10411108126.0,6,0,0,0,0,0,0,0,0,0,0,0,0,0,0,0,0,0,0,0,0,0,0,0,0,0
770,3,440,1081220,6,0,0,0,0,0,0,0,0,0,0,0,0,0,0,0,0,0,0,0,0,0,0,0,0,0
511770,6,466440,-10411108127.0,6,0,0,0,0,0,0,0,0,0,0,0,0,0,0,0,0,0,0,0,0,0,0,0,0,0
-111,3,-1344,-111,7,1,70,2,40,1280,7,0,0,0,0,0,0,0,0,0,0,0,0,0,0,0,0,0,0,0
-111,3,-1344,-111,7,1,70,2,40,1290,7,0,0,0,0,0,0,0,0,0,0,0,0,0,0,0,0,0,0,0
0,1,0,0,6,0,0,0,0,0,0,0,0,0,0,0,0,0,0,0,0,0,0,0,0,0,0,0,0,0
0,1,0,0,6,0,0,0,0,0,0,0,0,0,0,0,0,0,0,0,0,0,0,0,0,0,0,0,0,0
0,1,0,0,6,0,0,0,0,0,0,0,0,0,0,0,0,0,0,0,0,0,0,0,0,0,0,0,0,0
0,1,0,0,6,0,0,0,0,0,0,0,0,0,0,0,0,0,0,0,0,0,0,0,0,0,0,0,0,0
0,1,0,0,6,0,0,0,0,0,0,0,0,0,0,0,0,0,0,0,0,0,0,0,0,0,0,0,0,0
0,1,0,0,6,0,0,0,0,0,0,0,0,0,0,0,0,0,0,0,0,0,0,0,0,0,0,0,0,0
0,1,0,0,6,0,0,0,0,0,0,0,0,0,0,0,0,0,0,0,0,0,0,0,0,0,0,0,0,0
0,1,0,0,6,0,0,0,0,0,0,0,0,0,0,0,0,0,0,0,0,0,0,0,0,0,0,0,0,0
477770,6,444440,130131132133134.0,6,0,0,0,0,0,0,0,0,0,0,0,0,0,0,0,0,0,0,0,0,0,0,0,0,0
20,2,600,-10,6,0,0,0,0,0,0,0,0,0,0,0,0,0,0,0,0,0,0,0,0,0,0,0,0,0
20,2,600,-10,6,0,0,0,0,0,0,0,0,0,0,0,0,0,0,0,0,0,0,0,0,0,0,0,0,0
4511,4,-4477,-13510411,14,1,-7772110,7,4441287070.0,-1361081151.011,6,2,6,2,-12107770,8,128804440,-1110137124.0,7,1,-2117,4,120870704,-111108,6,2,6,2,7,2
47770,5,44440,130138131139.0,14,0,0,0,0,0,0,0,0,0,0,0,0,0,0,0,0,0,0,0,0,0,0,0,0,0
-51172170,8,4664486640.0,-1041110811.0108,6,0,0,0,0,0,0,0,0,0,0,0,0,0,0,0,0,0,0,0,0,0,0,0,0,0
470,3,440,1301400,6,0,0,0,0,0,0,0,0,0,0,0,0,0,0,0,0,0,0,0,0,0,0,0,0,0
-51172170,8,4664486640.0,-1041110811.0108,6,0,0,0,0,0,0,0,0,0,0,0,0,0,0,0,0,0,0,0,0,0,0,0,0,0
470,3,440,1301410,6,0,0,0,0,0,0,0,0,0,0,0,0,0,0,0,0,0,0,0,0,0,0,0,0,0
51170,5,46640,-104111420,6,0,0,0,0,0,0,0,0,0,0,0,0,0,0,0,0,0,0,0,0,0,0,0,0,0
51170,5,46640,-104111430,6,0,0,0,0,0,0,0,0,0,0,0,0,0,0,0,0,0,0,0,0,0,0,0,0,0
51170,5,46640,-104111440,6,0,0,0,0,0,0,0,0,0,0,0,0,0,0,0,0,0,0,0,0,0,0,0,0,0
51170,5,46640,-104111450,6,0,0,0,0,0,0,0,0,0,0,0,0,0,0,0,0,0,0,0,0,0,0,0,0,0
51117,5,47874,-104111146,6,1,-211,3,-1287070,-111,6,2,774,3,-444,108123147,6,2,7700,4,4400,14800,6,1,7400,3,4400,12414700,6,1
477770,6,444440,130131151152153.0,6,0,0,0,0,0,0,0,0,0,0,0,0,0,0,0,0,0,0,0,0,0,0,0,0,0
-2170,4,6640,-111540,7,0,0,0,0,0,0,0,0,0,0,0,0,0,0,0,0,0,0,0,0,0,0,0,0,0
511777,6,477444,-10411136108115.0,6,1,-2110,4,12870700,-1110,6,2,774,3,-444,108123147,6,2,7777700,7,4444400,1551561500.0,6,1,774,3,-444,146124147,6,1
47770,5,44440,130138158159.0,6,0,0,0,0,0,0,0,0,0,0,0,0,0,0,0,0,0,0,0,0,0,0,0,0,0
101770,5,440,-101110,7,0,0,0,0,0,0,0,0,0,0,0,0,0,0,0,0,0,0,0,0,0,0,0,0,0
0,1,0,0,6,0,0,0,0,0,0,0,0,0,0,0,0,0,0,0,0,0,0,0,0,0,0,0,0,0
7770,4,4440,1341600,6,0,0,0,0,0,0,0,0,0,0,0,0,0,0,0,0,0,0,0,0,0,0,0,0,0
770,3,440,1261230,6,0,0,0,0,0,0,0,0,0,0,0,0,0,0,0,0,0,0,0,0,0,0,0,0,0
7770,4,4440,1611620,6,0,0,0,0,0,0,0,0,0,0,0,0,0,0,0,0,0,0,0,0,0,0,0,0,0
770,3,440,1261240,6,0,0,0,0,0,0,0,0,0,0,0,0,0,0,0,0,0,0,0,0,0,0,0,0,0
7770,4,4440,1611630,6,0,0,0,0,0,0,0,0,0,0,0,0,0,0,0,0,0,0,0,0,0,0,0,0,0
770,3,440,1271230,6,0,0,0,0,0,0,0,0,0,0,0,0,0,0,0,0,0,0,0,0,0,0,0,0,0
7770,4,4440,1641620,6,0,0,0,0,0,0,0,0,0,0,0,0,0,0,0,0,0,0,0,0,0,0,0,0,0
770,3,440,1271240,6,0,0,0,0,0,0,0,0,0,0,0,0,0,0,0,0,0,0,0,0,0,0,0,0,0
7770,4,4440,1641630,6,0,0,0,0,0,0,0,0,0,0,0,0,0,0,0,0,0,0,0,0,0,0,0,0,0
0,2,0,0,6,0,0,0,0,0,0,0,0,0,0,0,0,0,0,0,0,0,0,0,0,0,0,0,0,0
51170,5,46640,-104111080,6,0,0,0,0,0,0,0,0,0,0,0,0,0,0,0,0,0,0,0,0,0,0,0,0,0
51170,5,46640,-104111080,6,0,0,0,0,0,0,0,0,0,0,0,0,0,0,0,0,0,0,0,0,0,0,0,0,0
51170,5,46640,-104111080,6,0,0,0,0,0,0,0,0,0,0,0,0,0,0,0,0,0,0,0,0,0,0,0,0,0
51170,5,46640,-104111080,6,0,0,0,0,0,0,0,0,0,0,0,0,0,0,0,0,0,0,0,0,0,0,0,0,0
77777,5,44444,165166167168169.0,6,1,77770,5,44440,170171172173.0,6,0,0,0,0,0,0,0,0,0,0,0,0,0,0,0,0,0,0,0
47770,5,44440,130174175176.0,6,0,0,0,0,0,0,0,0,0,0,0,0,0,0,0,0,0,0,0,0,0,0,0,0,0
7777770,7,4444440,177178179180177.0,14,1,777777,6,444444,1.8017713918117718e+17,6,1,770,3,440,1821830,6,0,0,0,0,0,0,0,0,0,0,0,0,0
770,3,440,1061070,6,0,0,0,0,0,0,0,0,0,0,0,0,0,0,0,0,0,0,0,0,0,0,0,0,0
7,1,4,184,15,1,720,3,400,-18510,16,0,0,0,0,0,0,0,0,0,0,0,0,0,0,0,0,0,0,0
77770,5,44440,136108184186.0,6,0,0,0,0,0,0,0,0,0,0,0,0,0,0,0,0,0,0,0,0,0,0,0,0,0
1511770,7,6466440,-110411108187.0,12,0,0,0,0,0,0,0,0,0,0,0,0,0,0,0,0,0,0,0,0,0,0,0,0,0
1510111177.0,10,646066644.0,-1105101111.0187109,12,0,0,0,0,0,0,0,0,0,0,0,0,0,0,0,0,0,0,0,0,0,0,0,0,0
-81110,5,147760,-11110,17,2,770,3,440,1841860,6,1,11111770,8,6668440,-11111184186.0,6,0,0,0,0,0,0,0,0,0,0,0,0,0
51170,5,46640,-104111080,6,0,0,0,0,0,0,0,0,0,0,0,0,0,0,0,0,0,0,0,0,0,0,0,0,0
51170,5,46640,-104111080,6,0,0,0,0,0,0,0,0,0,0,0,0,0,0,0,0,0,0,0,0,0,0,0,0,0
5170,4,4640,-10511080,6,0,0,0,0,0,0,0,0,0,0,0,0,0,0,0,0,0,0,0,0,0,0,0,0,0
5170,4,4640,-10711080,6,0,0,0,0,0,0,0,0,0,0,0,0,0,0,0,0,0,0,0,0,0,0,0,0,0
51170,5,46640,-104111080,6,0,0,0,0,0,0,0,0,0,0,0,0,0,0,0,0,0,0,0,0,0,0,0,0,0
51170,5,46640,-104111080,6,0,0,0,0,0,0,0,0,0,0,0,0,0,0,0,0,0,0,0,0,0,0,0,0,0
51170,5,46640,-104111080,6,0,0,0,0,0,0,0,0,0,0,0,0,0,0,0,0,0,0,0,0,0,0,0,0,0
51170,5,46640,-104111080,6,0,0,0,0,0,0,0,0,0,0,0,0,0,0,0,0,0,0,0,0,0,0,0,0,0
51170,5,46640,-104111080,6,0,0,0,0,0,0,0,0,0,0,0,0,0,0,0,0,0,0,0,0,0,0,0,0,0
51170,5,46640,-104111080,6,0,0,0,0,0,0,0,0,0,0,0,0,0,0,0,0,0,0,0,0,0,0,0,0,0
51170,5,46640,-104111880,6,0,0,0,0,0,0,0,0,0,0,0,0,0,0,0,0,0,0,0,0,0,0,0,0,0
-1,1,-15,-1,6,2,70,2,40,1890,6,1,777770,6,444440,187124190191.0192,7,0,0,0,0,0,0,0,0,0,0,0,0,0
5170,4,4640,-10511880,6,0,0,0,0,0,0,0,0,0,0,0,0,0,0,0,0,0,0,0,0,0,0,0,0,0
51170,5,46640,-104111080,6,0,0,0,0,0,0,0,0,0,0,0,0,0,0,0,0,0,0,0,0,0,0,0,0,0
-511770210,9,4664401288.08,-1041110801.01,6,0,0,0,0,0,0,0,0,0,0,0,0,0,0,0,0,0,0,0,0,0,0,0,0,0
-511770210,9,4664401288.08,-1041110801.01,6,0,0,0,0,0,0,0,0,0,0,0,0,0,0,0,0,0,0,0,0,0,0,0,0,0
-511770210,9,4664401288.08,-1041110801.01,6,0,0,0,0,0,0,0,0,0,0,0,0,0,0,0,0,0,0,0,0,0,0,0,0,0
51170,5,46640,-104111080,6,0,0,0,0,0,0,0,0,0,0,0,0,0,0,0,0,0,0,0,0,0,0,0,0,0
51170,5,46640,-104111080,6,0,0,0,0,0,0,0,0,0,0,0,0,0,0,0,0,0,0,0,0,0,0,0,0,0
51170,5,46640,-104111080,6,0,0,0,0,0,0,0,0,0,0,0,0,0,0,0,0,0,0,0,0,0,0,0,0,0
51170,5,46640,-104111080,6,0,0,0,0,0,0,0,0,0,0,0,0,0,0,0,0,0,0,0,0,0,0,0,0,0
51170,5,46640,-104111080,6,0,0,0,0,0,0,0,0,0,0,0,0,0,0,0,0,0,0,0,0,0,0,0,0,0
51170,5,46640,-104111080,6,0,0,0,0,0,0,0,0,0,0,0,0,0,0,0,0,0,0,0,0,0,0,0,0,0
51170,5,46640,-104111080,6,0,0,0,0,0,0,0,0,0,0,0,0,0,0,0,0,0,0,0,0,0,0,0,0,0
51170,5,46640,-104111080,6,0,0,0,0,0,0,0,0,0,0,0,0,0,0,0,0,0,0,0,0,0,0,0,0,0
111511770,9,666466440.0,-11110411108193.0,18,0,0,0,0,0,0,0,0,0,0,0,0,0,0,0,0,0,0,0,0,0,0,0,0,0
11511770,8,66466440,-1110411108194.0,19,0,0,0,0,0,0,0,0,0,0,0,0,0,0,0,0,0,0,0,0,0,0,0,0,0
1511770,7,6466440,-110411108195.0,20,0,0,0,0,0,0,0,0,0,0,0,0,0,0,0,0,0,0,0,0,0,0,0,0,0
1511770,7,6466440,-110411108196.0,21,0,0,0,0,0,0,0,0,0,0,0,0,0,0,0,0,0,0,0,0,0,0,0,0,0
-3117770,7,6664440,-111197108198.0,6,0,0,0,0,0,0,0,0,0,0,0,0,0,0,0,0,0,0,0,0,0,0,0,0,0
-41170,5,46640,-111080,6,0,0,0,0,0,0,0,0,0,0,0,0,0,0,0,0,0,0,0,0,0,0,0,0,0
1151170,7,6646640,-1110411108.0,22,0,0,0,0,0,0,0,0,0,0,0,0,0,0,0,0,0,0,0,0,0,0,0,0,0
1151170,7,6646640,-1110411108.0,22,0,0,0,0,0,0,0,0,0,0,0,0,0,0,0,0,0,0,0,0,0,0,0,0,0
150,3,640,-11040,23,0,0,0,0,0,0,0,0,0,0,0,0,0,0,0,0,0,0,0,0,0,0,0,0,0
1510,4,6460,-110410,23,0,0,0,0,0,0,0,0,0,0,0,0,0,0,0,0,0,0,0,0,0,0,0,0,0
9,1,-4,199,6,0,0,0,0,0,0,0,0,0,0,0,0,0,0,0,0,0,0,0,0,0,0,0,0,0
9,1,-4,200,6,0,0,0,0,0,0,0,0,0,0,0,0,0,0,0,0,0,0,0,0,0,0,0,0,0
9,1,-4,201,6,0,0,0,0,0,0,0,0,0,0,0,0,0,0,0,0,0,0,0,0,0,0,0,0,0
770,3,440,2022030,6,0,0,0,0,0,0,0,0,0,0,0,0,0,0,0,0,0,0,0,0,0,0,0,0,0
770,3,440,2022030,6,0,0,0,0,0,0,0,0,0,0,0,0,0,0,0,0,0,0,0,0,0,0,0,0,0
9,1,-4,204,6,0,0,0,0,0,0,0,0,0,0,0,0,0,0,0,0,0,0,0,0,0,0,0,0,0
9,1,-4,205,6,0,0,0,0,0,0,0,0,0,0,0,0,0,0,0,0,0,0,0,0,0,0,0,0,0
9,1,-4,206,6,0,0,0,0,0,0,0,0,0,0,0,0,0,0,0,0,0,0,0,0,0,0,0,0,0
0,1,0,0,6,0,0,0,0,0,0,0,0,0,0,0,0,0,0,0,0,0,0,0,0,0,0,0,0,0
0,1,0,0,6,0,0,0,0,0,0,0,0,0,0,0,0,0,0,0,0,0,0,0,0,0,0,0,0,0
770,3,440,2072080,6,0,0,0,0,0,0,0,0,0,0,0,0,0,0,0,0,0,0,0,0,0,0,0,0,0
0,1,0,0,6,0,0,0,0,0,0,0,0,0,0,0,0,0,0,0,0,0,0,0,0,0,0,0,0,0
0,1,0,0,6,0,0,0,0,0,0,0,0,0,0,0,0,0,0,0,0,0,0,0,0,0,0,0,0,0
77700,5,44400,20921000,14,0,0,0,0,0,0,0,0,0,0,0,0,0,0,0,0,0,0,0,0,0,0,0,0,0
-721110,6,412817760,-11110,6,2,740770,5,440440,2112122130.0214214,6,1,-755151770.0,9,444644440,-2151091191.012112,6,0,0,0,0,0,0,0,0,0,0,0,0,0
770,3,440,2162030,7,0,0,0,0,0,0,0,0,0,0,0,0,0,0,0,0,0,0,0,0,0,0,0,0,0
511770,6,466440,-10411108217.0,7,0,0,0,0,0,0,0,0,0,0,0,0,0,0,0,0,0,0,0,0,0,0,0,0,0
511770,6,466440,-10411108218.0,7,0,0,0,0,0,0,0,0,0,0,0,0,0,0,0,0,0,0,0,0,0,0,0,0,0
770,3,440,2192200,7,0,0,0,0,0,0,0,0,0,0,0,0,0,0,0,0,0,0,0,0,0,0,0,0,0
511770,6,466440,-10411108221.0,6,0,0,0,0,0,0,0,0,0,0,0,0,0,0,0,0,0,0,0,0,0,0,0,0,0
511770,6,466440,-10411108222.0,6,0,0,0,0,0,0,0,0,0,0,0,0,0,0,0,0,0,0,0,0,0,0,0,0,0
511770,6,466440,-10411108223.0,6,0,0,0,0,0,0,0,0,0,0,0,0,0,0,0,0,0,0,0,0,0,0,0,0,0
511770,6,466440,-10411108224.0,6,0,0,0,0,0,0,0,0,0,0,0,0,0,0,0,0,0,0,0,0,0,0,0,0,0
51170,5,46640,-104111080,24,0,0,0,0,0,0,0,0,0,0,0,0,0,0,0,0,0,0,0,0,0,0,0,0,0
511,3,-477,-10411,6,1,-2959640470.0,11,4444444440.0,2.252262252261082e+200,6,1,777707777.0,9,444404444,2282291240.0143123,6,2,7777770777.0,11,4444440444.0,225228124231.01083,6,1,77770,5,44440,108215230232.0,6,0
1151170,7,6646640,-1110411108.0,25,0,0,0,0,0,0,0,0,0,0,0,0,0,0,0,0,0,0,0,0,0,0,0,0,0
511770,6,466440,-10411108149.0,6,0,0,0,0,0,0,0,0,0,0,0,0,0,0,0,0,0,0,0,0,0,0,0,0,0
770,3,440,2332340,6,0,0,0,0,0,0,0,0,0,0,0,0,0,0,0,0,0,0,0,0,0,0,0,0,0
51177,5,47744,-10411108235.0,6,1,-721770,6,41288440,-12211108238.0,6,0,0,0,0,0,0,0,0,0,0,0,0,0,0,0,0,0,0,0
51177,5,47744,-10411108235.0,6,1,-721770,6,41288440,-12211108238.0,6,0,0,0,0,0,0,0,0,0,0,0,0,0,0,0,0,0,0,0
51177,5,47744,-10411108235.0,6,1,-72170,5,4128840,-122111080,6,0,0,0,0,0,0,0,0,0,0,0,0,0,0,0,0,0,0,0
51177,5,47744,-10411108235.0,6,1,-72170,5,4128840,-122111080,6,0,0,0,0,0,0,0,0,0,0,0,0,0,0,0,0,0,0,0
51177700,8,46644400,-10411108236.0,6,0,0,0,0,0,0,0,0,0,0,0,0,0,0,0,0,0,0,0,0,0,0,0,0,0
770,3,440,2372380,6,0,0,0,0,0,0,0,0,0,0,0,0,0,0,0,0,0,0,0,0,0,0,0,0,0
0,1,0,0,24,0,0,0,0,0,0,0,0,0,0,0,0,0,0,0,0,0,0,0,0,0,0,0,0,0
0,1,0,0,24,0,0,0,0,0,0,0,0,0,0,0,0,0,0,0,0,0,0,0,0,0,0,0,0,0
770,3,440,2392400,24,0,0,0,0,0,0,0,0,0,0,0,0,0,0,0,0,0,0,0,0,0,0,0,0,0
511772000,8,4664498000.0,-10411108143.01,6,0,0,0,0,0,0,0,0,0,0,0,0,0,0,0,0,0,0,0,0,0,0,0,0,0
1115117770.0,10,666466444.0,-11110411108241242.0,7,0,0,0,0,0,0,0,0,0,0,0,0,0,0,0,0,0,0,0,0,0,0,0,0,0
5117777770.0,11,4774444440.0,-10411225226108216.0,6,1,777777770.0,9,444444440,1.4324322822912423e+200,6,1,77770,5,44440,108143211232.0,6,0,0,0,0,0,0,0,0,0,0,0,0,0
51170,5,46640,-104111080,6,0,0,0,0,0,0,0,0,0,0,0,0,0,0,0,0,0,0,0,0,0,0,0,0,0
511770,6,466440,-10411108143.0,6,0,0,0,0,0,0,0,0,0,0,0,0,0,0,0,0,0,0,0,0,0,0,0,0,0
9,1,-4,246,6,0,0,0,0,0,0,0,0,0,0,0,0,0,0,0,0,0,0,0,0,0,0,0,0,0
11770,5,66440,-112472480,22,0,0,0,0,0,0,0,0,0,0,0,0,0,0,0,0,0,0,0,0,0,0,0,0,0
511770,6,466440,-10411108241.0,6,0,0,0,0,0,0,0,0,0,0,0,0,0,0,0,0,0,0,0,0,0,0,0,0,0
770,3,440,2492270,24,0,0,0,0,0,0,0,0,0,0,0,0,0,0,0,0,0,0,0,0,0,0,0,0,0
-774170,6,444640,-2472502511.0108,6,0,0,0,0,0,0,0,0,0,0,0,0,0,0,0,0,0,0,0,0,0,0,0,0,0
7770,4,4440,2522532540.0,6,0,0,0,0,0,0,0,0,0,0,0,0,0,0,0,0,0,0,0,0,0,0,0,0,0
51770,5,46440,-1051108143.0,6,0,0,0,0,0,0,0,0,0,0,0,0,0,0,0,0,0,0,0,0,0,0,0,0,0
-721,3,-412818,-11,26,2,-41777770,8,46444440,-2.5512561121131083e+180,26,1,77778,5,-444419,2581242590.0,7,1,7777770,7,4444440,203259260256261.03,6,0,0,0,0,0,0,0
580,3,460,12300,2,0,0,0,0,0,0,0,0,0,0,0,0,0,0,0,0,0,0,0,0,0,0,0,0,0
5870,4,41940,12302030,27,0,0,0,0,0,0,0,0,0,0,0,0,0,0,0,0,0,0,0,0,0,0,0,0,0
51770,5,46440,-1051111108.0,6,0,0,0,0,0,0,0,0,0,0,0,0,0,0,0,0,0,0,0,0,0,0,0,0,0
5117770,7,4774440,-10411108263.0,6,1,-217777700,9,1288444440.0,-11137113264143.0,6,0,0,0,0,0,0,0,0,0,0,0,0,0,0,0,0,0,0,0
5117,4,4774,-10411108,6,1,6,2,-41770,5,46440,-2511108265.0,6,1,-7417770,7,44164440,-2662511108267.0,6,1,-4170,4,4640,-25112240,6,0,0,0,0,0
5117777770.077,13,4664444440.044,-10411108228124268.0,6,0,0,0,0,0,0,0,0,0,0,0,0,0,0,0,0,0,0,0,0,0,0,0,0,0
5117777770.077,13,4664444440.044,-10411108228124268.0,6,0,0,0,0,0,0,0,0,0,0,0,0,0,0,0,0,0,0,0,0,0,0,0,0,0
51177,5,47744,-10411108270.0,6,1,-41770,5,46440,-2511108271.0,6,0,0,0,0,0,0,0,0,0,0,0,0,0,0,0,0,0,0,0
51177,5,47744,-10411108270.0,6,1,-41770,5,46440,-2511108272.0,6,0,0,0,0,0,0,0,0,0,0,0,0,0,0,0,0,0,0,0
5117770,7,4774440,-10411108273.0,6,1,-41770,5,46440,-2511108222.0,6,0,0,0,0,0,0,0,0,0,0,0,0,0,0,0,0,0,0,0
5117770,7,4774440,-10411108273.0,6,1,-41770,5,46440,-2511108223.0,6,0,0,0,0,0,0,0,0,0,0,0,0,0,0,0,0,0,0,0
770,3,440,2742750,6,0,0,0,0,0,0,0,0,0,0,0,0,0,0,0,0,0,0,0,0,0,0,0,0,0
770,3,440,2762770,6,0,0,0,0,0,0,0,0,0,0,0,0,0,0,0,0,0,0,0,0,0,0,0,0,0
-411770,6,466440,-27811279274.0,6,0,0,0,0,0,0,0,0,0,0,0,0,0,0,0,0,0,0,0,0,0,0,0,0,0
-411770,6,466440,-28011281276.0,6,0,0,0,0,0,0,0,0,0,0,0,0,0,0,0,0,0,0,0,0,0,0,0,0,0
5117770,7,4774440,-10411108265.0,24,1,-41770,5,46440,-2511224108.0,6,0,0,0,0,0,0,0,0,0,0,0,0,0,0,0,0,0,0,0
517777770,9,474444440,-1.0511082261082151e+180,6,1,77777707777.0,13,44444404444.0,228229124244245.0,6,0,0,0,0,0,0,0,0,0,0,0,0,0,0,0,0,0,0,0
770,3,440,2822830,6,0,0,0,0,0,0,0,0,0,0,0,0,0,0,0,0,0,0,0,0,0,0,0,0,0
-51774170,8,46444640,-1051108225.0251111,6,0,0,0,0,0,0,0,0,0,0,0,0,0,0,0,0,0,0,0,0,0,0,0,0,0
5117770,7,4774440,-10411108226.0,6,1,-295964047,9,444444444,2.841082152852863e+26,6,1,-777770777.057,12,4444404444.04,228229124268.0108,6,0,0,0,0,0,0,0,0,0,0,0,0,0
770,3,440,2902150,6,0,0,0,0,0,0,0,0,0,0,0,0,0,0,0,0,0,0,0,0,0,0,0,0,0
7770,4,4440,2901240,7,0,0,0,0,0,0,0,0,0,0,0,0,0,0,0,0,0,0,0,0,0,0,0,0,0
511261585009.0,15,477149477148.0,-1.0411108226108217e+280,6,1,777770,6,444440,108143291124.0,7,0,0,0,0,0,0,0,0,0,0,0,0,0,0,0,0,0,0,0
511261585009.0,15,477149477148.0,-1.0411108226108217e+280,6,1,-777570,6,444440,108143241124.01,7,0,0,0,0,0,0,0,0,0,0,0,0,0,0,0,0,0,0,0
5117770,7,4664440,-10411292108241.0,6,0,0,0,0,0,0,0,0,0,0,0,0,0,0,0,0,0,0,0,0,0,0,0,0,0
7751170,7,4446640,-24729210411.0108,6,0,0,0,0,0,0,0,0,0,0,0,0,0,0,0,0,0,0,0,0,0,0,0,0,0
770,3,440,2932490,6,0,0,0,0,0,0,0,0,0,0,0,0,0,0,0,0,0,0,0,0,0,0,0,0,0
770,3,440,2932540,6,0,0,0,0,0,0,0,0,0,0,0,0,0,0,0,0,0,0,0,0,0,0,0,0,0
77,2,44,247294,6,1,511770,6,466440,-10411108227.0,6,0,0,0,0,0,0,0,0,0,0,0,0,0,0,0,0,0,0,0
51177,5,47744,-10411108295.0,6,1,-410770,6,460440,-25110108296.0,6,0,0,0,0,0,0,0,0,0,0,0,0,0,0,0,0,0,0,0
770,3,440,2972980,6,0,0,0,0,0,0,0,0,0,0,0,0,0,0,0,0,0,0,0,0,0,0,0,0,0
770,3,440,2972990,6,0,0,0,0,0,0,0,0,0,0,0,0,0,0,0,0,0,0,0,0,0,0,0,0,0
7770,4,4440,3003012980.0,6,0,0,0,0,0,0,0,0,0,0,0,0,0,0,0,0,0,0,0,0,0,0,0,0,0
777770,6,444440,302300301300302.0,6,0,0,0,0,0,0,0,0,0,0,0,0,0,0,0,0,0,0,0,0,0,0,0,0,0
7770,4,4440,3032990,6,0,0,0,0,0,0,0,0,0,0,0,0,0,0,0,0,0,0,0,0,0,0,0,0,0
9,1,-4,304,6,0,0,0,0,0,0,0,0,0,0,0,0,0,0,0,0,0,0,0,0,0,0,0,0,0
777770,6,444440,301120297305302.0,6,0,0,0,0,0,0,0,0,0,0,0,0,0,0,0,0,0,0,0,0,0,0,0,0,0
770,3,440,3062990,6,0,0,0,0,0,0,0,0,0,0,0,0,0,0,0,0,0,0,0,0,0,0,0,0,0
9,1,-4,307,6,0,0,0,0,0,0,0,0,0,0,0,0,0,0,0,0,0,0,0,0,0,0,0,0,0
770,3,440,3043080,6,0,0,0,0,0,0,0,0,0,0,0,0,0,0,0,0,0,0,0,0,0,0,0,0,0
-4180,4,4660,-309100,26,0,0,0,0,0,0,0,0,0,0,0,0,0,0,0,0,0,0,0,0,0,0,0,0,0
580,3,460,12600,2,0,0,0,0,0,0,0,0,0,0,0,0,0,0,0,0,0,0,0,0,0,0,0,0,0
770,3,440,3103110,27,0,0,0,0,0,0,0,0,0,0,0,0,0,0,0,0,0,0,0,0,0,0,0,0,0
117,3,-204,-111,7,1,551117,6,-4420204,-1261261111.0,6,2,870,3,2140,3120,28,1,8,1,-21,0,28,1,7777770,7,4444440,3.123133043083143e+170,6,0
5511178,7,-442020421,-1261261111.0,6,2,7770,4,4440,3063133150.0,6,1,70,2,40,3060,6,0,0,0,0,0,0,0,0,0,0,0,0,0
117,3,-204,-111,7,1,77777,5,44444,298303316121304.0,6,1,770,3,440,3173180,6,0,0,0,0,0,0,0,0,0,0,0,0,0
511770,6,466440,-10411108238.0,6,0,0,0,0,0,0,0,0,0,0,0,0,0,0,0,0,0,0,0,0,0,0,0,0,0
5117770,7,4664440,-10411108319285.0,6,0,0,0,0,0,0,0,0,0,0,0,0,0,0,0,0,0,0,0,0,0,0,0,0,0
511777,6,477444,-10411108319285.0,6,1,-21770,5,12877440,-111080,6,1,77770,5,44440,148149156320.0,6,0,0,0,0,0,0,0,0,0,0,0,0,0
51177,5,47744,-10411108149.0,6,1,-2177700,7,1286644400.0,-1110814300.0,6,0,0,0,0,0,0,0,0,0,0,0,0,0,0,0,0,0,0,0
511777,6,477444,-10411108321149.0,6,1,-2177021770.0,10,128774401287.0744,-11108011108.0,6,1,77770,5,44440,148149156320.0,6,0,0,0,0,0,0,0,0,0,0,0,0,0
511772000,8,4664498000.0,-10411108143.01,6,0,0,0,0,0,0,0,0,0,0,0,0,0,0,0,0,0,0,0,0,0,0,0,0,0
5117770,7,4664440,-10411108322319.0,6,0,0,0,0,0,0,0,0,0,0,0,0,0,0,0,0,0,0,0,0,0,0,0,0,0
4770,4,4440,1303233240.0,6,0,0,0,0,0,0,0,0,0,0,0,0,0,0,0,0,0,0,0,0,0,0,0,0,0
51177,5,47744,-10411108322.0,6,1,6,2,7777770,7,4444440,238228124268.0,6,2,77777770,8,44444440,3.251083221503262e+200,6,1,7,1,4,226,6,2,77777700,8,44444400,108215286288327.0
17770,5,4440,-1328329330.0,7,0,0,0,0,0,0,0,0,0,0,0,0,0,0,0,0,0,0,0,0,0,0,0,0,0
177770,6,44440,-1331302332333.0,7,0,0,0,0,0,0,0,0,0,0,0,0,0,0,0,0,0,0,0,0,0,0,0,0,0
177770,6,44440,-1334301332333.0,7,0,0,0,0,0,0,0,0,0,0,0,0,0,0,0,0,0,0,0,0,0,0,0,0,0
177777700,9,44444400,-1331302335336229.0,7,0,0,0,0,0,0,0,0,0,0,0,0,0,0,0,0,0,0,0,0,0,0,0,0,0
5117,4,4774,-10411108,6,1,-2741770,7,4446440,-11082511108337.0,6,0,0,0,0,0,0,0,0,0,0,0,0,0,0,0,0,0,0,0
5117,4,4774,-10411108,6,1,-2741770,7,4446440,-11082511108338.0,6,0,0,0,0,0,0,0,0,0,0,0,0,0,0,0,0,0,0,0
5117770,7,4774440,-10411108339.0,6,1,-4177,4,4744,-2511123126.0,6,1,770,3,440,1241270,6,0,0,0,0,0,0,0,0,0,0,0,0,0
770,3,440,3403410,6,0,0,0,0,0,0,0,0,0,0,0,0,0,0,0,0,0,0,0,0,0,0,0,0,0
7770,4,4440,1773413420.0,6,0,0,0,0,0,0,0,0,0,0,0,0,0,0,0,0,0,0,0,0,0,0,0,0,0
770,3,440,3403420,6,0,0,0,0,0,0,0,0,0,0,0,0,0,0,0,0,0,0,0,0,0,0,0,0,0
770,3,440,3403430,6,0,0,0,0,0,0,0,0,0,0,0,0,0,0,0,0,0,0,0,0,0,0,0,0,0
77751,5,-44447,-233234344105.01,7,1,-7741770,7,4446440,-1082252511.0345109,7,0,0,0,0,0,0,0,0,0,0,0,0,0,0,0,0,0,0,0
9,1,-4,346,7,0,0,0,0,0,0,0,0,0,0,0,0,0,0,0,0,0,0,0,0,0,0,0,0,0
770,3,440,3473480,7,0,0,0,0,0,0,0,0,0,0,0,0,0,0,0,0,0,0,0,0,0,0,0,0,0
770,3,440,3473480,7,0,0,0,0,0,0,0,0,0,0,0,0,0,0,0,0,0,0,0,0,0,0,0,0,0
770,3,440,3473480,7,0,0,0,0,0,0,0,0,0,0,0,0,0,0,0,0,0,0,0,0,0,0,0,0,0
11177700,8,66644400,-1112743490.0,7,0,0,0,0,0,0,0,0,0,0,0,0,0,0,0,0,0,0,0,0,0,0,0,0,0
11150111,7,-24534077,-1111190111.0,7,1,777777770.0,10,444444440,3.502823472373503e+170,6,1,51,2,-47,-1191,7,1,777770,6,444440,345351282290.0,6,1,27777770,8,44444440,-1.2823451121132794e+180,6,0
-4170,4,4640,-25111080,6,0,0,0,0,0,0,0,0,0,0,0,0,0,0,0,0,0,0,0,0,0,0,0,0,0
-111777041,9,-24534440416.0,-1113532730.02511,7,1,70,2,40,1080,6,0,0,0,0,0,0,0,0,0,0,0,0,0,0,0,0,0,0,0
9,1,-4,203,6,0,0,0,0,0,0,0,0,0,0,0,0,0,0,0,0,0,0,0,0,0,0,0,0,0
9,1,-4,218,6,0,0,0,0,0,0,0,0,0,0,0,0,0,0,0,0,0,0,0,0,0,0,0,0,0
9,1,-4,354,6,0,0,0,0,0,0,0,0,0,0,0,0,0,0,0,0,0,0,0,0,0,0,0,0,0
-41770,5,46440,-2511108215.0,6,0,0,0,0,0,0,0,0,0,0,0,0,0,0,0,0,0,0,0,0,0,0,0,0,0
77,2,44,247355,6,1,70,2,40,2510,6,0,0,0,0,0,0,0,0,0,0,0,0,0,0,0,0,0,0,0
9,1,-4,356,6,0,0,0,0,0,0,0,0,0,0,0,0,0,0,0,0,0,0,0,0,0,0,0,0,0
770,3,440,3573560,6,0,0,0,0,0,0,0,0,0,0,0,0,0,0,0,0,0,0,0,0,0,0,0,0,0
7770,4,4440,3390,6,1,-4170,4,4640,-25113580,6,0,0,0,0,0,0,0,0,0,0,0,0,0,0,0,0,0,0,0
5551770,7,44412440,-1091141091.010836,27,0,0,0,0,0,0,0,0,0,0,0,0,0,0,0,0,0,0,0,0,0,0,0,0,0
0,2,0,0,7,0,0,0,0,0,0,0,0,0,0,0,0,0,0,0,0,0,0,0,0,0,0,0,0,0
0,2,0,0,6,0,0,0,0,0,0,0,0,0,0,0,0,0,0,0,0,0,0,0,0,0,0,0,0,0
90,2,40,3600,29,0,0,0,0,0,0,0,0,0,0,0,0,0,0,0,0,0,0,0,0,0,0,0,0,0
9,1,-4,361,6,0,0,0,0,0,0,0,0,0,0,0,0,0,0,0,0,0,0,0,0,0,0,0,0,0
9,1,-4,362,6,0,0,0,0,0,0,0,0,0,0,0,0,0,0,0,0,0,0,0,0,0,0,0,0,0
17770,5,64440,-13633640,12,0,0,0,0,0,0,0,0,0,0,0,0,0,0,0,0,0,0,0,0,0,0,0,0,0
70,2,40,3650,6,0,0,0,0,0,0,0,0,0,0,0,0,0,0,0,0,0,0,0,0,0,0,0,0,0
-5111777021.0,11,48774440128.07,-104111108366.011,6,2,77770,5,44440,3671083660.0,6,2,-2170,4,128640,-112360,6,1,77770,5,44440,3681083660.0,6,1,-217700,6,12864400,-1110800,6,0
770,3,440,3693110,2,0,0,0,0,0,0,0,0,0,0,0,0,0,0,0,0,0,0,0,0,0,0,0,0,0
-51174170,8,46644640,-10411108251.01108,6,0,0,0,0,0,0,0,0,0,0,0,0,0,0,0,0,0,0,0,0,0,0,0,0,0
511770,6,466440,-10411108370.0,7,0,0,0,0,0,0,0,0,0,0,0,0,0,0,0,0,0,0,0,0,0,0,0,0,0
5117770,7,4774440,-10411108371.0,7,1,-41770,5,46440,-2511108370.0,7,0,0,0,0,0,0,0,0,0,0,0,0,0,0,0,0,0,0,0
511770,6,466440,-10411108372.0,7,0,0,0,0,0,0,0,0,0,0,0,0,0,0,0,0,0,0,0,0,0,0,0,0,0
511770,6,466440,-10411108373.0,7,0,0,0,0,0,0,0,0,0,0,0,0,0,0,0,0,0,0,0,0,0,0,0,0,0
511770,6,466440,-10411108373.0,7,0,0,0,0,0,0,0,0,0,0,0,0,0,0,0,0,0,0,0,0,0,0,0,0,0
770,3,440,3743750,7,0,0,0,0,0,0,0,0,0,0,0,0,0,0,0,0,0,0,0,0,0,0,0,0,0
511770,6,466440,-10411108372.0,7,0,0,0,0,0,0,0,0,0,0,0,0,0,0,0,0,0,0,0,0,0,0,0,0,0
9,1,-4,376,7,0,0,0,0,0,0,0,0,0,0,0,0,0,0,0,0,0,0,0,0,0,0,0,0,0
511770,6,466440,-10411108372.0,7,0,0,0,0,0,0,0,0,0,0,0,0,0,0,0,0,0,0,0,0,0,0,0,0,0
-74170,5,44640,-3712511108.0,7,0,0,0,0,0,0,0,0,0,0,0,0,0,0,0,0,0,0,0,0,0,0,0,0,0
-77041,5,-440416,-37102511,7,1,777,3,444,370377378,7,1,-4170,4,4640,-25111080,7,0,0,0,0,0,0,0,0,0,0,0,0,0
777770,6,444440,370377379380381.0,7,0,0,0,0,0,0,0,0,0,0,0,0,0,0,0,0,0,0,0,0,0,0,0,0,0
511770,6,466440,-10411108382.0,7,0,0,0,0,0,0,0,0,0,0,0,0,0,0,0,0,0,0,0,0,0,0,0,0,0
7770,4,4440,3833843850.0,7,0,0,0,0,0,0,0,0,0,0,0,0,0,0,0,0,0,0,0,0,0,0,0,0,0
90,2,40,386112387388.0,7,0,0,0,0,0,0,0,0,0,0,0,0,0,0,0,0,0,0,0,0,0,0,0,0,0
151177770,9,46644440,-1.1041110838939011e+170,7,0,0,0,0,0,0,0,0,0,0,0,0,0,0,0,0,0,0,0,0,0,0,0,0,0
-1410,4,4150,-139110,7,1,7770,4,4440,3923903930.0,7,0,0,0,0,0,0,0,0,0,0,0,0,0,0,0,0,0,0,0
75117,5,44774,-39410411108.0,6,1,-4170,4,4640,-25113950,6,0,0,0,0,0,0,0,0,0,0,0,0,0,0,0,0,0,0,0
47777700,8,44444400,130396345396349.0,24,0,0,0,0,0,0,0,0,0,0,0,0,0,0,0,0,0,0,0,0,0,0,0,0,0
1170,4,6640,-113970,25,0,0,0,0,0,0,0,0,0,0,0,0,0,0,0,0,0,0,0,0,0,0,0,0,0
1115177777.0,12,24534744444.0,-1111191350282347.0,7,1,70,2,40,3500,6,0,0,0,0,0,0,0,0,0,0,0,0,0,0,0,0,0,0,0
1115177777.0,12,24534744444.0,-1111191350282346.0,7,1,70,2,40,3500,6,0,0,0,0,0,0,0,0,0,0,0,0,0,0,0,0,0,0,0
77700,5,44400,34634800,6,0,0,0,0,0,0,0,0,0,0,0,0,0,0,0,0,0,0,0,0,0,0,0,0,0
6,2,51777,5,46444,-1051111108398.0,6,2,-774110,6,444770,-39922525111.0,6,2,7777770,7,4444440,1.081871082341084e+170,6,1,-77410,5,444160,-4012662511.0,6,1,770,3,440,1084020
751770,6,446440,-4031051108395.0,6,0,0,0,0,0,0,0,0,0,0,0,0,0,0,0,0,0,0,0,0,0,0,0,0,0
9,1,-4,404,30,0,0,0,0,0,0,0,0,0,0,0,0,0,0,0,0,0,0,0,0,0,0,0,0,0
477770,6,444440,130396246293345.0,6,0,0,0,0,0,0,0,0,0,0,0,0,0,0,0,0,0,0,0,0,0,0,0,0,0
9,1,-4,405,30,0,0,0,0,0,0,0,0,0,0,0,0,0,0,0,0,0,0,0,0,0,0,0,0,0
770,3,440,4052930,6,0,0,0,0,0,0,0,0,0,0,0,0,0,0,0,0,0,0,0,0,0,0,0,0,0
6,2,-4170,4,4640,-25111080,6,1,-74107,5,441604,-26625110108.0,6,1,-419,3,-464,-2511395,6,0,0,0,0,0,0,0,0,0,0,0
-751,3,-4424,-4061291,7,1,-5151,4,-425425,-13011301,7,1,-77410,5,444160,-2652732511.0,6,1,7,1,4,407,6,1,7,1,4,226,6,0
11,2,-24,-11,7,1,6,1,7,1,4,410,6,1,477,3,444,411412195270.0,6,1,-7410,4,44200,-29541310,6,1,77777,5,44444,414124415221.0
7,1,4,295,6,1,-41077,5,426044,-25110418295.0,6,1,-41770,5,46440,-2511108364.0,6,0,0,0,0,0,0,0,0,0,0,0,0,0
777707770.0,9,444404440,2262281240.0108213,6,1,77777770,8,44444440,2.272282291244194e+170,6,1,-21111,5,-421700,-11111,6,2,777777700.0,10,444444400,226407108211269.0,6,1,-1151510,7,27646440,-1113311201.0,6,0
7770,4,4440,3104214220.0,6,0,0,0,0,0,0,0,0,0,0,0,0,0,0,0,0,0,0,0,0,0,0,0,0,0
7770,4,4440,2622624230.0,6,0,0,0,0,0,0,0,0,0,0,0,0,0,0,0,0,0,0,0,0,0,0,0,0,0
-770417,6,4404164,-26502511407.0,6,1,77770,5,44440,1074242730.0,6,1,-4170,4,4640,-25111080,6,0,0,0,0,0,0,0,0,0,0,0,0,0
77770,5,44440,425426427269.0,6,0,0,0,0,0,0,0,0,0,0,0,0,0,0,0,0,0,0,0,0,0,0,0,0,0
777770,6,444440,227249426423227.0,6,0,0,0,0,0,0,0,0,0,0,0,0,0,0,0,0,0,0,0,0,0,0,0,0,0
9,1,-4,428,6,0,0,0,0,0,0,0,0,0,0,0,0,0,0,0,0,0,0,0,0,0,0,0,0,0
770,3,440,2670,6,1,6,1,6,2,-7410770,7,44200440,-26625110265.0,6,2,7,1,4,429,7,2,-4170,4,4640,-25111080,6,1,7,1
9,1,-4,438,6,0,0,0,0,0,0,0,0,0,0,0,0,0,0,0,0,0,0,0,0,0,0,0,0,0
7777770,7,4444440,226194228124.0,6,2,-777417770.0,9,444464440,-195422221251.0111,6,1,6,2,-451551,6,-44284416,-4394401351.010913,27,2,-755570,6,444440,112109120136.0242,6,1,-117751,6,1064440,-11242143121.01
-211112,6,-356695773577.07,-111111,6,1,7,1,4,398,6,2,17,2,17,3,7,1,4,0,6,3,70,2,40,2360,7,2,17,3
7770,4,4440,4520,6,1,-417770,6,474440,-2511453265.0,6,1,-411,3,-4213,-25111,6,1,77,2,44,407410,6,1,-4170,4,4640,-45411430,6,0
77,2,44,107,6,1,777,3,444,455456457,6,1,51170,5,48840,-104111080,24,0,0,0,0,0,0,0,0,0,0,0,0,0
777770,6,444440,345426407224.0,6,0,0,0,0,0,0,0,0,0,0,0,0,0,0,0,0,0,0,0,0,0,0,0,0,0
77,2,44,457458,6,1,-41770,5,46440,-2511459108.0,6,0,0,0,0,0,0,0,0,0,0,0,0,0,0,0,0,0,0,0
511770,6,466440,-10411108459.0,6,0,0,0,0,0,0,0,0,0,0,0,0,0,0,0,0,0,0,0,0,0,0,0,0,0
511770,6,466440,-10411108460.0,6,0,0,0,0,0,0,0,0,0,0,0,0,0,0,0,0,0,0,0,0,0,0,0,0,0
51172,5,-47744,-104111081,6,2,7770,4,4440,4614580,6,2,-4170,4,4640,-25111080,6,1,6,1,77770,5,44440,1084624630.0,6,1,77,2,44,435458
4777770,7,4444440,1.3039646446545725e+170,6,0,0,0,0,0,0,0,0,0,0,0,0,0,0,0,0,0,0,0,0,0,0,0,0,0
7770,4,4440,4234663010.0,6,0,0,0,0,0,0,0,0,0,0,0,0,0,0,0,0,0,0,0,0,0,0,0,0,0
1,1,-13,-1,7,1,-407995279,13,227034908,4.674684692564705e+38,6,1,77777770,8,44444440,3.494662493954385e+200,6,0,0,0,0,0,0,0,0,0,0,0,0,0
17517,5,1344124,-11561111235.0,7,1,-1111177777.0,10,820644444.0,-1.111147526025619e+19,7,1,7777,4,4444,160134476477.0,7,1,611111,6,-413439,-12011111,7,1,77777770,8,44444440,3.024782834792812e+200,27,0
-3111111,7,-6669658,-1111111,6,2,6,2,77511,5,-44477,-42322110411.0,6,2,-72105170,8,4128860484.0,-1081101021.01,6,1,7,1,4,481,6,1,7777777,7,4444444,194228482124.0483
777770,6,444440,457174489490457.0,6,0,0,0,0,0,0,0,0,0,0,0,0,0,0,0,0,0,0,0,0,0,0,0,0,0
0,2,0,0,6,0,0,0,0,0,0,0,0,0,0,0,0,0,0,0,0,0,0,0,0,0,0,0,0,0
7770,4,4440,4914234920.0,27,0,0,0,0,0,0,0,0,0,0,0,0,0,0,0,0,0,0,0,0,0,0,0,0,0
777770,6,444440,491421493494492.0,27,0,0,0,0,0,0,0,0,0,0,0,0,0,0,0,0,0,0,0,0,0,0,0,0,0
770,3,440,4914570,6,0,0,0,0,0,0,0,0,0,0,0,0,0,0,0,0,0,0,0,0,0,0,0,0,0
177770,6,644440,-1491426495493.0,7,0,0,0,0,0,0,0,0,0,0,0,0,0,0,0,0,0,0,0,0,0,0,0,0,0
7777770,7,4444440,423496254497498.0,24,0,0,0,0,0,0,0,0,0,0,0,0,0,0,0,0,0,0,0,0,0,0,0,0,0
777777,6,444444,491426495124.0,7,1,7777770,7,4444440,499500501502503.0,24,1,-21177,5,55951544,-111262262,6,1,77770777,8,44440444,5042604990.05054,6,1,77777700,8,44444400,506507224508493.0,6,0
2,1,-4,-1,24,2,777777770.0,10,4444444400.0,509260499261.051,24,1,777,3,444,499262,24,1,777777077.0,10,4444440440.0,491428504260499.06,24,0,0,0,0,0,0,0
117777770,9,664444440.0,-11513349466249514.0,31,0,0,0,0,0,0,0,0,0,0,0,0,0,0,0,0,0,0,0,0,0,0,0,0,0
117777770,9,664444440.0,-11513397465249514.0,31,0,0,0,0,0,0,0,0,0,0,0,0,0,0,0,0,0,0,0,0,0,0,0,0,0
11107770,8,66604440,-1110283515302.0,31,0,0,0,0,0,0,0,0,0,0,0,0,0,0,0,0,0,0,0,0,0,0,0,0,0
11107770,8,66604440,-1110283516302.0,31,0,0,0,0,0,0,0,0,0,0,0,0,0,0,0,0,0,0,0,0,0,0,0,0,0
11107770,8,66604440,-1110283516301.0,31,0,0,0,0,0,0,0,0,0,0,0,0,0,0,0,0,0,0,0,0,0,0,0,0,0
11107770,8,66604440,-1110283515301.0,31,0,0,0,0,0,0,0,0,0,0,0,0,0,0,0,0,0,0,0,0,0,0,0,0,0
27777,5,44444,-1517512518.0,24,1,477770,6,444440,519438516520423.0,24,0,0,0,0,0,0,0,0,0,0,0,0,0,0,0,0,0,0,0
7770,4,4440,4915215220.0,6,0,0,0,0,0,0,0,0,0,0,0,0,0,0,0,0,0,0,0,0,0,0,0,0,0
770,3,440,4954380,6,0,0,0,0,0,0,0,0,0,0,0,0,0,0,0,0,0,0,0,0,0,0,0,0,0
77777700,8,44444400,155345464523457.0,24,0,0,0,0,0,0,0,0,0,0,0,0,0,0,0,0,0,0,0,0,0,0,0,0,0
1277,4,15444,-11517,32,1,4777700,7,4444400,524515516525.0,6,0,0,0,0,0,0,0,0,0,0,0,0,0,0,0,0,0,0,0
157770,6,644440,-1118526474527.0,7,0,0,0,0,0,0,0,0,0,0,0,0,0,0,0,0,0,0,0,0,0,0,0,0,0
200,2,0,-100,7,0,0,0,0,0,0,0,0,0,0,0,0,0,0,0,0,0,0,0,0,0,0,0,0,0
177777700,9,644444400.0,-1242144124.0,31,0,0,0,0,0,0,0,0,0,0,0,0,0,0,0,0,0,0,0,0,0,0,0,0,0
9,1,-4,521,6,0,0,0,0,0,0,0,0,0,0,0,0,0,0,0,0,0,0,0,0,0,0,0,0,0
9,1,-4,523,6,0,0,0,0,0,0,0,0,0,0,0,0,0,0,0,0,0,0,0,0,0,0,0,0,0
9,1,-4,528,6,0,0,0,0,0,0,0,0,0,0,0,0,0,0,0,0,0,0,0,0,0,0,0,0,0
74,2,-44,221529,24,1,7770,4,4440,3123143100.0,24,0,0,0,0,0,0,0,0,0,0,0,0,0,0,0,0,0,0,0
55118,5,-4421321,-126126110,6,2,7770,4,4440,5305315320.0,24,1,770,3,440,5315320,24,0,0,0,0,0,0,0,0,0,0,0,0,0
0,2,0,0,24,0,0,0,0,0,0,0,0,0,0,0,0,0,0,0,0,0,0,0,0,0,0,0,0,0
0,2,0,0,24,0,0,0,0,0,0,0,0,0,0,0,0,0,0,0,0,0,0,0,0,0,0,0,0,0
0,2,0,0,24,0,0,0,0,0,0,0,0,0,0,0,0,0,0,0,0,0,0,0,0,0,0,0,0,0
0,2,0,0,24,0,0,0,0,0,0,0,0,0,0,0,0,0,0,0,0,0,0,0,0,0,0,0,0,0
0,2,0,0,24,0,0,0,0,0,0,0,0,0,0,0,0,0,0,0,0,0,0,0,0,0,0,0,0,0
9,1,-4,431,27,0,0,0,0,0,0,0,0,0,0,0,0,0,0,0,0,0,0,0,0,0,0,0,0,0
9,1,-4,533,27,0,0,0,0,0,0,0,0,0,0,0,0,0,0,0,0,0,0,0,0,0,0,0,0,0
477770,6,444440,534535491124.0536,27,0,0,0,0,0,0,0,0,0,0,0,0,0,0,0,0,0,0,0,0,0,0,0,0,0
2077,3,498044,-10425215,6,1,55179,5,-441344,-10910911537.0,6,1,-511551,6,-477446,-10411109141.01,6,1,7770,4,4440,1085385390.0,7,0,0,0,0,0,0,0
11114,5,-16504,-11115401,7,1,7777,4,4444,541542124.0,7,1,7777700,7,4444400,543544541545.0,27,0,0,0,0,0,0,0,0,0,0,0,0,0
-41111,5,-47683,-2551111,26,2,-417,3,404,-5405461236.0,6,2,7777770,7,4444440,5.375474652835483e+170,27,1,-3111111,7,-6669638,-1111111,33,2,1177770,7,27044440,-11549550550423.0,33,1
111511,6,-1650477,-11110411,7,1,-51790,5,40440,-1461108567.0,6,0,0,0,0,0,0,0,0,0,0,0,0,0,0,0,0,0,0,0
-7210,4,498180,-110,7,1,7777090,7,4444040,1083742360.0568,7,0,0,0,0,0,0,0,0,0,0,0,0,0,0,0,0,0,0,0
77777700,9,44444400,491379569570.0,7,0,0,0,0,0,0,0,0,0,0,0,0,0,0,0,0,0,0,0,0,0,0,0,0,0
9,1,-4,571,7,0,0,0,0,0,0,0,0,0,0,0,0,0,0,0,0,0,0,0,0,0,0,0,0,0
77,2,44,571,7,1,77770,5,44440,572573379574.0,7,0,0,0,0,0,0,0,0,0,0,0,0,0,0,0,0,0,0,0
9,1,-4,575,7,0,0,0,0,0,0,0,0,0,0,0,0,0,0,0,0,0,0,0,0,0,0,0,0,0
70,2,40,2360,7,0,0,0,0,0,0,0,0,0,0,0,0,0,0,0,0,0,0,0,0,0,0,0,0,0
-31111109,8,-23295804,-1111110576.0,27,1,-5121111,7,-468816682,-114111111,27,1,7,1,4,577,7,1,1179,4,-644,-111578,7,0,0,0,0,0,0,0
-31111107,8,23295804,-1111110221.0,36,1,37,1,-51211110,8,41389316663.0,-1141111110.0,37,1,77777770,8,44444440,2.2457958058158218e+170,6,1,7777777,7,4444444,5.832792811952293e+20,6,0,777777,6,444444,3.493972831942236e+17
-31111107,8,23295804,-1111110423.0,6,1,-51211111,8,-46893166833.0,-1141111111.0,6,1,7770,4,4440,590423221.0,6,0,0,0,0,0,0,0,0,0,0,0,0,0
-311111110777.0,12,232957780444.0,-1.111111101111111e+17,7,1,-51211111,8,-46892166832.0,-1141111111.0,7,1,-7721077,7,441287044,-108366110108366.0,7,2,-21090,5,1286040,-1105910,7,1,-217700,6,12864400,-1110800,7,0
-3111111107.0,10,2329577804.0,-111111110111.0,7,1,-51211111,8,-46892166832.0,-1141111111.0,7,1,-7721077,7,441287044,-108366110108366.0,7,1,-2190,4,128640,-11592112113137.0,7,0,0,0,0,0,0,0
