20;2;60;-10;7;0;0;0;0;0;0;0;0;0;0;0;0;0;0;0;0;0;0;0;0;0;0;0;0;0
-21100;5;676600;-11100;9;0;0;0;0;0;0;0;0;0;0;0;0;0;0;0;0;0;0;0;0;0;0;0;0;0
20;2;60;-10;6;0;0;0;0;0;0;0;0;0;0;0;0;0;0;0;0;0;0;0;0;0;0;0;0;0
-3100;4;6600;-1100;6;0;0;0;0;0;0;0;0;0;0;0;0;0;0;0;0;0;0;0;0;0;0;0;0;0
770;3;440;1021030;6;0;0;0;0;0;0;0;0;0;0;0;0;0;0;0;0;0;0;0;0;0;0;0;0;0
0;2;0;0;6;0;0;0;0;0;0;0;0;0;0;0;0;0;0;0;0;0;0;0;0;0;0;0;0;0
0;2;0;0;6;0;0;0;0;0;0;0;0;0;0;0;0;0;0;0;0;0;0;0;0;0;0;0;0;0
0;2;0;0;6;0;0;0;0;0;0;0;0;0;0;0;0;0;0;0;0;0;0;0;0;0;0;0;0;0
-3100;4;6600;-1100;6;0;0;0;0;0;0;0;0;0;0;0;0;0;0;0;0;0;0;0;0;0;0;0;0;0
-31100;5;66600;-11100;6;0;0;0;0;0;0;0;0;0;0;0;0;0;0;0;0;0;0;0;0;0;0;0;0;0
-31100;5;66600;-11100;6;0;0;0;0;0;0;0;0;0;0;0;0;0;0;0;0;0;0;0;0;0;0;0;0;0
-31100;5;66600;-11100;6;0;0;0;0;0;0;0;0;0;0;0;0;0;0;0;0;0;0;0;0;0;0;0;0;0
0;2;0;0;6;0;0;0;0;0;0;0;0;0;0;0;0;0;0;0;0;0;0;0;0;0;0;0;0;0
-31100;5;66600;-11100;6;0;0;0;0;0;0;0;0;0;0;0;0;0;0;0;0;0;0;0;0;0;0;0;0;0
-31111070;8;666666040.0;-1111101040.0;6;0;0;0;0;0;0;0;0;0;0;0;0;0;0;0;0;0;0;0;0;0;0;0;0;0
0;2;0;0;6;0;0;0;0;0;0;0;0;0;0;0;0;0;0;0;0;0;0;0;0;0;0;0;0;0
7770;4;4440;1051061070.0;6;0;0;0;0;0;0;0;0;0;0;0;0;0;0;0;0;0;0;0;0;0;0;0;0;0
-31111070;8;666666040.0;-1111101040.0;6;0;0;0;0;0;0;0;0;0;0;0;0;0;0;0;0;0;0;0;0;0;0;0;0;0
-31111070;8;666666040.0;-1111101040.0;6;0;0;0;0;0;0;0;0;0;0;0;0;0;0;0;0;0;0;0;0;0;0;0;0;0
770;3;440;1051080;6;0;0;0;0;0;0;0;0;0;0;0;0;0;0;0;0;0;0;0;0;0;0;0;0;0
-31111070;8;666666040.0;-1111101040.0;6;0;0;0;0;0;0;0;0;0;0;0;0;0;0;0;0;0;0;0;0;0;0;0;0;0
7770;4;4440;1091051100.0;6;0;0;0;0;0;0;0;0;0;0;0;0;0;0;0;0;0;0;0;0;0;0;0;0;0
770;3;440;1051110;6;0;0;0;0;0;0;0;0;0;0;0;0;0;0;0;0;0;0;0;0;0;0;0;0;0
770;3;440;1051110;6;0;0;0;0;0;0;0;0;0;0;0;0;0;0;0;0;0;0;0;0;0;0;0;0;0
-211777;6;6766444;-111112113109.0;10;0;0;0;0;0;0;0;0;0;0;0;0;0;0;0;0;0;0;0;0;0;0;0;0;0
1117;4;9004;-111114;7;1;-3111117;7;66210084;-111111115;11;1;70;2;40;1160;11;0;0;0;0;0;0;0;0;0;0;0;0;0
0;2;0;0;6;0;0;0;0;0;0;0;0;0;0;0;0;0;0;0;0;0;0;0;0;0;0;0;0;0
-3111190;7;66666640;-11111102103.0;7;0;0;0;0;0;0;0;0;0;0;0;0;0;0;0;0;0;0;0;0;0;0;0;0;0
20;2;60;-10;6;0;0;0;0;0;0;0;0;0;0;0;0;0;0;0;0;0;0;0;0;0;0;0;0;0
-3111100;7;66666600;-1111100;6;0;0;0;0;0;0;0;0;0;0;0;0;0;0;0;0;0;0;0;0;0;0;0;0;0
-211070;6;676666040.0;-11101190;6;0;0;0;0;0;0;0;0;0;0;0;0;0;0;0;0;0;0;0;0;0;0;0;0;0
-21110;5;6676660;-11110;6;0;0;0;0;0;0;0;0;0;0;0;0;0;0;0;0;0;0;0;0;0;0;0;0;0
-3111190;7;66666640;-11111102103.0;6;0;0;0;0;0;0;0;0;0;0;0;0;0;0;0;0;0;0;0;0;0;0;0;0;0
-311110770;9;666666044.0;-111110120104.0;6;0;0;0;0;0;0;0;0;0;0;0;0;0;0;0;0;0;0;0;0;0;0;0;0;0
-3111090;7;66666040;-111101040;6;0;0;0;0;0;0;0;0;0;0;0;0;0;0;0;0;0;0;0;0;0;0;0;0;0
-3111090;7;66666040;-111101040;6;0;0;0;0;0;0;0;0;0;0;0;0;0;0;0;0;0;0;0;0;0;0;0;0;0
-311111110;9;1102092000.0;-111111110;7;1;77777709;9;-44444404;122123124125.0;6;0;0;0;0;0;0;0;0;0;0;0;0;0;0;0;0;0;0;0
-311110;6;6266620;-111110;6;3;7770;4;4440;1021261270.0;6;2;770;3;440;1281290;6;1;7770;4;4440;1041301310.0;6;0;0;0;0;0;0;0
20;2;60;-10;6;0;0;0;0;0;0;0;0;0;0;0;0;0;0;0;0;0;0;0;0;0;0;0;0;0
-311111077777.0;13;6266622044444.0;-1.1111101201041322e+180;12;1;-2107;4;97004;-110134;6;1;77700;5;44400;13513600;6;0;0;0;0;0;0;0;0;0;0;0;0;0
6;2;-41777;5;42444;-1051138139140.0;6;2;77020;5;440110;-141010;6;1;-4177;4;4244;-1051138142.0;6;1;770200;5;44011700;-1410100;6;1;7770;4;4440;1431441450.0
-311020;6;666040;-111010;6;0;0;0;0;0;0;0;0;0;0;0;0;0;0;0;0;0;0;0;0;0;0;0;0;0
-311020;6;666040;-111010;6;0;0;0;0;0;0;0;0;0;0;0;0;0;0;0;0;0;0;0;0;0;0;0;0;0
-3110290;7;6660440;-111011060;2;0;0;0;0;0;0;0;0;0;0;0;0;0;0;0;0;0;0;0;0;0;0;0;0;0
-3110200;6;102004700;-1110100;6;1;777770;6;444440;147148149150151.0;6;0;0;0;0;0;0;0;0;0;0;0;0;0;0;0;0;0;0;0
-311102000;8;666609700.0;-111101000;2;0;0;0;0;0;0;0;0;0;0;0;0;0;0;0;0;0;0;0;0;0;0;0;0;0
409;2;-404;1070108;9;1;-31111070;8;66666040;-1111101040.0;7;0;0;0;0;0;0;0;0;0;0;0;0;0;0;0;0;0;0;0
590;3;440;1021080;6;0;0;0;0;0;0;0;0;0;0;0;0;0;0;0;0;0;0;0;0;0;0;0;0;0
-31110270;8;66660440;-1111011540.0;6;0;0;0;0;0;0;0;0;0;0;0;0;0;0;0;0;0;0;0;0;0;0;0;0;0
-3111020;7;6666040;-1111010;2;0;0;0;0;0;0;0;0;0;0;0;0;0;0;0;0;0;0;0;0;0;0;0;0;0
-3111020077.0;10;666604700.044;-11110100104155.0;6;0;0;0;0;0;0;0;0;0;0;0;0;0;0;0;0;0;0;0;0;0;0;0;0;0
0;2;0;0;6;0;0;0;0;0;0;0;0;0;0;0;0;0;0;0;0;0;0;0;0;0;0;0;0;0
9;1;-4;109;6;0;0;0;0;0;0;0;0;0;0;0;0;0;0;0;0;0;0;0;0;0;0;0;0;0
20090;4;670040;-1001090;6;0;0;0;0;0;0;0;0;0;0;0;0;0;0;0;0;0;0;0;0;0;0;0;0;0
0;2;0;0;6;0;0;0;0;0;0;0;0;0;0;0;0;0;0;0;0;0;0;0;0;0;0;0;0;0
9;1;-4;110;6;0;0;0;0;0;0;0;0;0;0;0;0;0;0;0;0;0;0;0;0;0;0;0;0;0
-3111020;7;6666040;-1111010;7;0;0;0;0;0;0;0;0;0;0;0;0;0;0;0;0;0;0;0;0;0;0;0;0;0
-3111021090.0;11;666660476.04;-11110110111.0;7;0;0;0;0;0;0;0;0;0;0;0;0;0;0;0;0;0;0;0;0;0;0;0;0;0
-311020;6;666040;-111010;6;0;0;0;0;0;0;0;0;0;0;0;0;0;0;0;0;0;0;0;0;0;0;0;0;0
777027700.0;9;444044400;-10515901115.0;6;0;0;0;0;0;0;0;0;0;0;0;0;0;0;0;0;0;0;0;0;0;0;0;0;0
7770;4;4440;1601591060.0;6;0;0;0;0;0;0;0;0;0;0;0;0;0;0;0;0;0;0;0;0;0;0;0;0;0
-31110770;8;66660440;-11110104161.0;6;0;0;0;0;0;0;0;0;0;0;0;0;0;0;0;0;0;0;0;0;0;0;0;0;0
77770;5;44440;105162163164.0;6;0;0;0;0;0;0;0;0;0;0;0;0;0;0;0;0;0;0;0;0;0;0;0;0;0
-31110770;8;66660440;-11110104165.0;6;0;0;0;0;0;0;0;0;0;0;0;0;0;0;0;0;0;0;0;0;0;0;0;0;0
77770;5;44440;105166167149.0;6;0;0;0;0;0;0;0;0;0;0;0;0;0;0;0;0;0;0;0;0;0;0;0;0;0
1770;4;6440;-11681040;7;0;0;0;0;0;0;0;0;0;0;0;0;0;0;0;0;0;0;0;0;0;0;0;0;0
1770;4;6440;-11681040;7;0;0;0;0;0;0;0;0;0;0;0;0;0;0;0;0;0;0;0;0;0;0;0;0;0
11770;5;66440;-111601690;7;0;0;0;0;0;0;0;0;0;0;0;0;0;0;0;0;0;0;0;0;0;0;0;0;0
11770;5;66440;-111701710;7;0;0;0;0;0;0;0;0;0;0;0;0;0;0;0;0;0;0;0;0;0;0;0;0;0
11770;5;66440;-111721710;7;0;0;0;0;0;0;0;0;0;0;0;0;0;0;0;0;0;0;0;0;0;0;0;0;0
-311102000;8;666609700.0;-111101000;2;0;0;0;0;0;0;0;0;0;0;0;0;0;0;0;0;0;0;0;0;0;0;0;0;0
790;3;440;1731121130.0;7;0;0;0;0;0;0;0;0;0;0;0;0;0;0;0;0;0;0;0;0;0;0;0;0;0
-3110427700.0;10;666044440.0;-11101141177.0;2;0;0;0;0;0;0;0;0;0;0;0;0;0;0;0;0;0;0;0;0;0;0;0;0;0
777777090.0;9;444444040;172148151124.0115;7;0;0;0;0;0;0;0;0;0;0;0;0;0;0;0;0;0;0;0;0;0;0;0;0;0
30;2;60;-10;6;0;0;0;0;0;0;0;0;0;0;0;0;0;0;0;0;0;0;0;0;0;0;0;0;0
-31100;5;66600;-11100;6;0;0;0;0;0;0;0;0;0;0;0;0;0;0;0;0;0;0;0;0;0;0;0;0;0
-3111077;7;10212044;-11110149104.0;6;1;20020;4;470040;-10010;6;0;0;0;0;0;0;0;0;0;0;0;0;0;0;0;0;0;0;0
770;3;440;1601790;6;0;0;0;0;0;0;0;0;0;0;0;0;0;0;0;0;0;0;0;0;0;0;0;0;0
770;3;440;1601800;6;0;0;0;0;0;0;0;0;0;0;0;0;0;0;0;0;0;0;0;0;0;0;0;0;0
-31110777777.0;12;102120444444.0;-1.1110181182104182e+190;6;1;7220;4;4440;-182110;6;0;0;0;0;0;0;0;0;0;0;0;0;0;0;0;0;0;0;0
-3111077777.0;11;6666044444.0;-1.1110181182104182e+190;6;0;0;0;0;0;0;0;0;0;0;0;0;0;0;0;0;0;0;0;0;0;0;0;0;0
770;3;440;1701840;6;0;0;0;0;0;0;0;0;0;0;0;0;0;0;0;0;0;0;0;0;0;0;0;0;0
770;3;440;1701850;6;0;0;0;0;0;0;0;0;0;0;0;0;0;0;0;0;0;0;0;0;0;0;0;0;0
-311020;6;666040;-111010;6;0;0;0;0;0;0;0;0;0;0;0;0;0;0;0;0;0;0;0;0;0;0;0;0;0
-311070;6;666040;-11101610;6;0;0;0;0;0;0;0;0;0;0;0;0;0;0;0;0;0;0;0;0;0;0;0;0;0
7770;4;4440;1721841430.0;6;0;0;0;0;0;0;0;0;0;0;0;0;0;0;0;0;0;0;0;0;0;0;0;0;0
770;3;440;1721850;2;0;0;0;0;0;0;0;0;0;0;0;0;0;0;0;0;0;0;0;0;0;0;0;0;0
-311020;6;666040;-111010;6;0;0;0;0;0;0;0;0;0;0;0;0;0;0;0;0;0;0;0;0;0;0;0;0;0
4777;4;4444;116187188189.0;6;1;-417700;6;464400;-117118700;6;0;0;0;0;0;0;0;0;0;0;0;0;0;0;0;0;0;0;0
-311110770;9;266660440;-111110191192.0;12;0;0;0;0;0;0;0;0;0;0;0;0;0;0;0;0;0;0;0;0;0;0;0;0;0
20;2;60;-10;6;0;0;0;0;0;0;0;0;0;0;0;0;0;0;0;0;0;0;0;0;0;0;0;0;0
-21110;5;776660;-11110;12;0;0;0;0;0;0;0;0;0;0;0;0;0;0;0;0;0;0;0;0;0;0;0;0;0
-3111190;7;66666640;-11111102118.0;7;0;0;0;0;0;0;0;0;0;0;0;0;0;0;0;0;0;0;0;0;0;0;0;0;0
77700;5;44400;19415400;6;0;0;0;0;0;0;0;0;0;0;0;0;0;0;0;0;0;0;0;0;0;0;0;0;0
0;2;0;0;6;0;0;0;0;0;0;0;0;0;0;0;0;0;0;0;0;0;0;0;0;0;0;0;0;0
-3111190;7;62666640;-11111102103.0;6;0;0;0;0;0;0;0;0;0;0;0;0;0;0;0;0;0;0;0;0;0;0;0;0;0
-3111190;7;62666640;-11111102103.0;6;0;0;0;0;0;0;0;0;0;0;0;0;0;0;0;0;0;0;0;0;0;0;0;0;0
730070;5;460040;-11001950;7;0;0;0;0;0;0;0;0;0;0;0;0;0;0;0;0;0;0;0;0;0;0;0;0;0
30020;4;60000;-10000;13;0;0;0;0;0;0;0;0;0;0;0;0;0;0;0;0;0;0;0;0;0;0;0;0;0
20;2;60;-10;6;0;0;0;0;0;0;0;0;0;0;0;0;0;0;0;0;0;0;0;0;0;0;0;0;0
-31111140;8;666666640.0;-11111100;7;0;0;0;0;0;0;0;0;0;0;0;0;0;0;0;0;0;0;0;0;0;0;0;0;0
77700;5;44400;19615400;6;0;0;0;0;0;0;0;0;0;0;0;0;0;0;0;0;0;0;0;0;0;0;0;0;0
0;2;0;0;6;0;0;0;0;0;0;0;0;0;0;0;0;0;0;0;0;0;0;0;0;0;0;0;0;0
-3111190;7;62666640;-11111102103.0;7;0;0;0;0;0;0;0;0;0;0;0;0;0;0;0;0;0;0;0;0;0;0;0;0;0
-3111190;7;62666640;-11111102119.0;6;0;0;0;0;0;0;0;0;0;0;0;0;0;0;0;0;0;0;0;0;0;0;0;0;0
-5777770;7;4444440;104198106199124.0;7;0;0;0;0;0;0;0;0;0;0;0;0;0;0;0;0;0;0;0;0;0;0;0;0;0
7;1;4;196;6;1;77700;5;44400;20020100;6;0;0;0;0;0;0;0;0;0;0;0;0;0;0;0;0;0;0;0
-311110;6;10220920;-111110;6;1;7770;4;4440;2022031550.0;6;0;0;0;0;0;0;0;0;0;0;0;0;0;0;0;0;0;0;0
-731117770.0;10;4666644400.0;-11111204104.0;7;0;0;0;0;0;0;0;0;0;0;0;0;0;0;0;0;0;0;0;0;0;0;0;0;0
117777;6;1404444;-11205206207110.0;7;1;20077770;7;470044440;-100134204115208.0;6;0;0;0;0;0;0;0;0;0;0;0;0;0;0;0;0;0;0;0
6;2;7777770;7;4444440;198209210211212.0;6;2;770;3;440;1502130;6;1;7709;4;-4404;1350120121.0;6;1;770;3;440;1992160;2;0;0;0;0;0
112;3;-104;-111;7;2;77777700;8;44444400;198209210211217.0;6;1;7777700;7;4444400;115205211115.0;6;0;0;0;0;0;0;0;0;0;0;0;0;0
-3111110770.0;10;6666666044.0;-1111110195218.0;7;0;0;0;0;0;0;0;0;0;0;0;0;0;0;0;0;0;0;0;0;0;0;0;0;0
-3111110770.0;11;6666666044.0;-1111110204104.0;7;0;0;0;0;0;0;0;0;0;0;0;0;0;0;0;0;0;0;0;0;0;0;0;0;0
77770;5;44440;1952041150.0;6;0;0;0;0;0;0;0;0;0;0;0;0;0;0;0;0;0;0;0;0;0;0;0;0;0
77770;5;44440;1981061070.0;6;0;0;0;0;0;0;0;0;0;0;0;0;0;0;0;0;0;0;0;0;0;0;0;0;0
17770;5;4440;-11961940;7;0;0;0;0;0;0;0;0;0;0;0;0;0;0;0;0;0;0;0;0;0;0;0;0;0
9;1;-4;122;6;0;0;0;0;0;0;0;0;0;0;0;0;0;0;0;0;0;0;0;0;0;0;0;0;0
77770;5;44440;162164162198.0;6;0;0;0;0;0;0;0;0;0;0;0;0;0;0;0;0;0;0;0;0;0;0;0;0;0
7770;4;4440;2202210;6;0;0;0;0;0;0;0;0;0;0;0;0;0;0;0;0;0;0;0;0;0;0;0;0;0
17777;5;104444;-1222199;13;1;770;3;440;2231980;6;0;0;0;0;0;0;0;0;0;0;0;0;0;0;0;0;0;0;0
9;1;-4;123;14;0;0;0;0;0;0;0;0;0;0;0;0;0;0;0;0;0;0;0;0;0;0;0;0;0
7777700;7;4444400;2041951050.0;6;0;0;0;0;0;0;0;0;0;0;0;0;0;0;0;0;0;0;0;0;0;0;0;0;0
3000;3;66000;-1000;6;0;0;0;0;0;0;0;0;0;0;0;0;0;0;0;0;0;0;0;0;0;0;0;0;0
-31111070;8;666666040.0;-1111101040.0;6;0;0;0;0;0;0;0;0;0;0;0;0;0;0;0;0;0;0;0;0;0;0;0;0;0
70;2;40;2250;6;0;0;0;0;0;0;0;0;0;0;0;0;0;0;0;0;0;0;0;0;0;0;0;0;0
770;3;440;1052260;6;0;0;0;0;0;0;0;0;0;0;0;0;0;0;0;0;0;0;0;0;0;0;0;0;0
-311107770;9;666604440.0;-11110227228104.0;6;0;0;0;0;0;0;0;0;0;0;0;0;0;0;0;0;0;0;0;0;0;0;0;0;0
770;3;440;2252290;6;0;0;0;0;0;0;0;0;0;0;0;0;0;0;0;0;0;0;0;0;0;0;0;0;0
770;3;440;1052300;6;0;0;0;0;0;0;0;0;0;0;0;0;0;0;0;0;0;0;0;0;0;0;0;0;0
7770;4;4440;2272311040.0;15;0;0;0;0;0;0;0;0;0;0;0;0;0;0;0;0;0;0;0;0;0;0;0;0;0
7;1;77777770;8;44444440;2.312282022031052e+170;7;1;-211777;6;27020444;-111232233134.0;7;1;7777700;7;4444400;234235213104.0;6;0;0;0;0;0;0;0;0;0;0;0
0;1;0;0;16;1;202;2;4700;-100;17;1;400;2;400;12400;17;0;0;0;0;0;0;0;0;0;0;0;0;0
0;2;0;0;7;0;0;0;0;0;0;0;0;0;0;0;0;0;0;0;0;0;0;0;0;0;0;0;0;0
0;2;0;0;6;0;0;0;0;0;0;0;0;0;0;0;0;0;0;0;0;0;0;0;0;0;0;0;0;0
-31111110;8;1101510512.0;-11111110;7;1;7770;4;4440;2371651040.0;6;0;0;0;0;0;0;0;0;0;0;0;0;0;0;0;0;0;0;0
-3111110295964047.0;19;-1.0e+INF;-1.0e+INF;6;0;0;0;0;0;0;0;0;0;0;0;0;0;0;0;0;0;0;0;0;0;0;0;0;0
7720;4;4440;-17016010;6;0;0;0;0;0;0;0;0;0;0;0;0;0;0;0;0;0;0;0;0;0;0;0;0;0
5579;4;-4444;1081091125.0;6;0;0;0;0;0;0;0;0;0;0;0;0;0;0;0;0;0;0;0;0;0;0;0;0;0
0;2;0;0;6;0;0;0;0;0;0;0;0;0;0;0;0;0;0;0;0;0;0;0;0;0;0;0;0;0
0;2;0;0;6;0;0;0;0;0;0;0;0;0;0;0;0;0;0;0;0;0;0;0;0;0;0;0;0;0
770;3;440;2411090;6;0;0;0;0;0;0;0;0;0;0;0;0;0;0;0;0;0;0;0;0;0;0;0;0;0
70;2;40;2420;6;0;0;0;0;0;0;0;0;0;0;0;0;0;0;0;0;0;0;0;0;0;0;0;0;0
70;2;40;2420;6;0;0;0;0;0;0;0;0;0;0;0;0;0;0;0;0;0;0;0;0;0;0;0;0;0
70;2;40;2420;6;0;0;0;0;0;0;0;0;0;0;0;0;0;0;0;0;0;0;0;0;0;0;0;0;0
-3111077770.0;11;666604444.0;-11110242161104.0;6;0;0;0;0;0;0;0;0;0;0;0;0;0;0;0;0;0;0;0;0;0;0;0;0;0
177777700;9;644444400.0;-1105243244164241.0;18;0;0;0;0;0;0;0;0;0;0;0;0;0;0;0;0;0;0;0;0;0;0;0;0;0
9;1;-4;126;19;0;0;0;0;0;0;0;0;0;0;0;0;0;0;0;0;0;0;0;0;0;0;0;0;0
7770;4;4440;1092462470.0;19;0;0;0;0;0;0;0;0;0;0;0;0;0;0;0;0;0;0;0;0;0;0;0;0;0
-2111090;7;676666660.04;-111101270;20;0;0;0;0;0;0;0;0;0;0;0;0;0;0;0;0;0;0;0;0;0;0;0;0;0
117770;6;664440;-11109246249.0;20;0;0;0;0;0;0;0;0;0;0;0;0;0;0;0;0;0;0;0;0;0;0;0;0;0
-31111107777.0;13;666660004444.0;-1111110247249104.0;7;0;0;0;0;0;0;0;0;0;0;0;0;0;0;0;0;0;0;0;0;0;0;0;0;0
1777700;7;6444400;-1198243250.0;7;0;0;0;0;0;0;0;0;0;0;0;0;0;0;0;0;0;0;0;0;0;0;0;0;0
17777700;8;64444400;-1198243128129.0;7;0;0;0;0;0;0;0;0;0;0;0;0;0;0;0;0;0;0;0;0;0;0;0;0;0
-13111077777.0;13;66666044444.0;-1.0e+INF;18;0;0;0;0;0;0;0;0;0;0;0;0;0;0;0;0;0;0;0;0;0;0;0;0;0
-311102;6;10151100;-111100;17;1;287;3;4144;-10247;17;1;-41118009;7;-4154314004.0;-130111100249.0;17;1;2070;3;467040;-101310;19;0;0;0;0;0;0;0
-41111;5;-4840;-1071111;7;2;-41580;5;40460;-1321331110.0;2;1;511590;6;460440;-11011111133.0;2;0;0;0;0;0;0;0;0;0;0;0;0;0
-3111;4;-101511;-1111;7;1;-770210;6;44097990;-1490110;7;2;-41149;5;-414404;-107110247;7;2;170;3;1140;-110;7;1;-211490;6;676666440.0;-1111342490.0;7;0
-3111;4;-101511;-1111;17;1;-7770210;7;4440158515.0;-1491870110.0;17;2;-2111890;7;1676666666.04;-111102490;17;1;-4187;4;414144;-10710247;17;1;6117280;7;404660;-112111100;7;0
-731110;6;41015120;-14911110;6;1;7;1;4;155;6;1;2027700;6;117044400;-10123800;6;0;0;0;0;0;0;0;0;0;0;0;0;0
-311110;6;10151700;-111110;7;1;777777704.09;10;-4444444044.0;1.0;6;0;0;0;0;0;0;0;0;0;0;0;0;0;0;0;0;0;0;0
-31111077777777.0;16;1015170044444444.0;-1.1111013824710412e+230;7;1;77700;5;44400;13824900;6;0;0;0;0;0;0;0;0;0;0;0;0;0;0;0;0;0;0;0
-51770;5;40440;-1131160138.0;7;0;0;0;0;0;0;0;0;0;0;0;0;0;0;0;0;0;0;0;0;0;0;0;0;0
1770;4;440;-11721400;7;0;0;0;0;0;0;0;0;0;0;0;0;0;0;0;0;0;0;0;0;0;0;0;0;0
-51770;5;40440;-1131141138.0;7;0;0;0;0;0;0;0;0;0;0;0;0;0;0;0;0;0;0;0;0;0;0;0;0;0
115511187777.0;14;664466666.04444;-11110110111.014214;7;0;0;0;0;0;0;0;0;0;0;0;0;0;0;0;0;0;0;0;0;0;0;0;0;0
115511147777.0;13;664466644444.0;-11114114111.011421;7;0;0;0;0;0;0;0;0;0;0;0;0;0;0;0;0;0;0;0;0;0;0;0;0;0
55180;5;44660;-110110100;6;0;0;0;0;0;0;0;0;0;0;0;0;0;0;0;0;0;0;0;0;0;0;0;0;0
70;2;40;1170;6;0;0;0;0;0;0;0;0;0;0;0;0;0;0;0;0;0;0;0;0;0;0;0;0;0
-31110;5;1015110;-11110;17;1;-2102;4;117000;-1101;17;1;4000;3;4000;130000;17;0;0;0;0;0;0;0;0;0;0;0;0;0
-21100;5;67666600;-11100;7;0;0;0;0;0;0;0;0;0;0;0;0;0;0;0;0;0;0;0;0;0;0;0;0;0
-210740;5;27220440;-1101431460.0;6;1;-31070;5;66040;-1101470;19;0;0;0;0;0;0;0;0;0;0;0;0;0;0;0;0;0;0;0
-2107770;7;676604440.0;-110148147129.0;2;0;0;0;0;0;0;0;0;0;0;0;0;0;0;0;0;0;0;0;0;0;0;0;0;0
-419;3;-464;-1071149;17;1;-21108;5;-107150014;-11100;7;1;-51870;5;40640;-115101500;7;0;0;0;0;0;0;0;0;0;0;0;0;0
0;2;0;0;6;0;0;0;0;0;0;0;0;0;0;0;0;0;0;0;0;0;0;0;0;0;0;0;0;0
-3111770;7;101512440;-11111510;6;1;777777700.0;9;444444400;1.0e+INF;6;0;0;0;0;0;0;0;0;0;0;0;0;0;0;0;0;0;0;0
777770;6;444440;154152155165149.0;6;0;0;0;0;0;0;0;0;0;0;0;0;0;0;0;0;0;0;0;0;0;0;0;0;0
7777770;7;4444440;1.1115615415616216e+170;6;0;0;0;0;0;0;0;0;0;0;0;0;0;0;0;0;0;0;0;0;0;0;0;0;0
770;3;440;1051560;6;0;0;0;0;0;0;0;0;0;0;0;0;0;0;0;0;0;0;0;0;0;0;0;0;0
-3111102;7;-101514304;-1111101;7;1;7777700;8;4444400;1571582380.0;2;0;0;0;0;0;0;0;0;0;0;0;0;0;0;0;0;0;0;0
7770;4;4440;1561980;6;0;0;0;0;0;0;0;0;0;0;0;0;0;0;0;0;0;0;0;0;0;0;0;0;0
-31110;5;1015120;-11110;6;1;-2959640470.0;11;4444444440.0;1.0e+INF;6;0;0;0;0;0;0;0;0;0;0;0;0;0;0;0;0;0;0;0
-3111110;7;101507380;-1111110;7;1;7720070;6;441170040;-241143100160.0;6;0;0;0;0;0;0;0;0;0;0;0;0;0;0;0;0;0;0;0
117;3;4;-11161;7;1;7770;4;4440;1601621630.0;6;0;0;0;0;0;0;0;0;0;0;0;0;0;0;0;0;0;0;0
-3111020090.0;9;666604700.04;-11110100201.0;19;0;0;0;0;0;0;0;0;0;0;0;0;0;0;0;0;0;0;0;0;0;0;0;0;0
-131110;6;141015120;-111110;18;1;277702000;8;4444011700.0;-1241104010.0;6;0;0;0;0;0;0;0;0;0;0;0;0;0;0;0;0;0;0;0
-3111027770.0;11;666604444.0;-111101164163.0;2;0;0;0;0;0;0;0;0;0;0;0;0;0;0;0;0;0;0;0;0;0;0;0;0;0
-311100;6;666600;-111100;7;0;0;0;0;0;0;0;0;0;0;0;0;0;0;0;0;0;0;0;0;0;0;0;0;0
-3111027770.0;11;666604444.0;-111101202165.0;6;0;0;0;0;0;0;0;0;0;0;0;0;0;0;0;0;0;0;0;0;0;0;0;0;0
-3111077777.0;12;101512044444.0;-11110155155157.0;6;1;720090;5;4970040;-1551001660.0;21;0;0;0;0;0;0;0;0;0;0;0;0;0;0;0;0;0;0;0
770;3;440;1670;2;0;0;0;0;0;0;0;0;0;0;0;0;0;0;0;0;0;0;0;0;0;0;0;0;0
770;3;440;1681730;6;0;0;0;0;0;0;0;0;0;0;0;0;0;0;0;0;0;0;0;0;0;0;0;0;0
7770;4;4440;1681240;7;0;0;0;0;0;0;0;0;0;0;0;0;0;0;0;0;0;0;0;0;0;0;0;0;0
7770;4;4440;1691680;6;0;0;0;0;0;0;0;0;0;0;0;0;0;0;0;0;0;0;0;0;0;0;0;0;0
-311110777777.0;14;102150920444444.0;-1.1111014720212419e+170;7;1;61117;5;-4584;-1181111;7;1;20070;4;11070040;-1001710;6;0;0;0;0;0;0;0;0;0;0;0;0;0
7700;4;4400;14700;6;0;0;0;0;0;0;0;0;0;0;0;0;0;0;0;0;0;0;0;0;0;0;0;0;0
77777;5;44444;109172105173174.0;7;1;200770;5;9700440;-1001471030.0;7;0;0;0;0;0;0;0;0;0;0;0;0;0;0;0;0;0;0;0
111557;6;-13444;-1111081091.0;7;1;7770;4;4440;1751761750.0;6;0;0;0;0;0;0;0;0;0;0;0;0;0;0;0;0;0;0;0
1777700;7;6444400;-1198243164.0;18;0;0;0;0;0;0;0;0;0;0;0;0;0;0;0;0;0;0;0;0;0;0;0;0;0
490;3;440;1771780;6;0;0;0;0;0;0;0;0;0;0;0;0;0;0;0;0;0;0;0;0;0;0;0;0;0
18;2;-30;-10;7;1;-7731110;7;4410015130.0;-17911110;6;1;7720070;6;441170040;-143241100195.0;7;0;0;0;0;0;0;0;0;0;0;0;0;0
-4114;4;-4664;-10711171;17;1;840;3;640;1800;7;0;0;0;0;0;0;0;0;0;0;0;0;0;0;0;0;0;0;0
-311102;6;1021100;-111100;17;1;28;2;-42;-10;17;1;-4177777770.0;10;4644444440.0;-1.301181112113182e+240;17;0;0;0;0;0;0;0;0;0;0;0;0;0
7;1;4;185;7;1;-211;3;70;-111;7;2;-21170;5;7333340;-1111860;22;1;51280;5;40060;-1201100;2;0;0;0;0;0;0;0
-3111100;7;66666600;-1111100;7;0;0;0;0;0;0;0;0;0;0;0;0;0;0;0;0;0;0;0;0;0;0;0;0;0
20;2;60;-10;6;0;0;0;0;0;0;0;0;0;0;0;0;0;0;0;0;0;0;0;0;0;0;0;0;0
-3111110777.02;12;-622666220.0444762;-1111110133103.01;6;1;-3111077020.0;10;666660440.06;-1111013301.0;6;0;0;0;0;0;0;0;0;0;0;0;0;0;0;0;0;0;0;0
-3111107770.0;10;10230920444.0;-111110102126.0;6;1;79;2;-44;187155;6;0;0;0;0;0;0;0;0;0;0;0;0;0;0;0;0;0;0;0
-411119;6;-419064;-1881111109.0;17;1;-311110;6;19430900;-111110;6;1;2;1;-4;-1;6;2;-5772000;6;444117000;-1091891901.0;7;1;777;3;444;170124;7;1
50;2;40;1210;2;0;0;0;0;0;0;0;0;0;0;0;0;0;0;0;0;0;0;0;0;0;0;0;0;0
1155110;7;6644770;-1112112111.0;23;0;0;0;0;0;0;0;0;0;0;0;0;0;0;0;0;0;0;0;0;0;0;0;0;0
-1115151;7;-1110420420.0;-1111211121.01;24;1;5170;4;4640;-12111960;2;0;0;0;0;0;0;0;0;0;0;0;0;0;0;0;0;0;0;0
70;2;40;10;7;0;0;0;0;0;0;0;0;0;0;0;0;0;0;0;0;0;0;0;0;0;0;0;0;0
-4110;4;41400;-107110;9;1;559;3;-444;122122197;6;1;-7540;4;4400;19812300;7;0;0;0;0;0;0;0;0;0;0;0;0;0
-4110;4;42100;-107110;17;1;770;3;440;1981960;6;0;0;0;0;0;0;0;0;0;0;0;0;0;0;0;0;0;0;0
551770;6;446440;-1241211189107.0;12;0;0;0;0;0;0;0;0;0;0;0;0;0;0;0;0;0;0;0;0;0;0;0;0;0
5511501177.0;9;446640644;-12112111109.011189;6;0;0;0;0;0;0;0;0;0;0;0;0;0;0;0;0;0;0;0;0;0;0;0;0;0
9;1;-4;200;6;0;0;0;0;0;0;0;0;0;0;0;0;0;0;0;0;0;0;0;0;0;0;0;0;0
7790;4;4440;1982012020.0;6;0;0;0;0;0;0;0;0;0;0;0;0;0;0;0;0;0;0;0;0;0;0;0;0;0
57770;5;44440;124111202201.0;12;0;0;0;0;0;0;0;0;0;0;0;0;0;0;0;0;0;0;0;0;0;0;0;0;0
57770;5;44440;124111203201.0;12;0;0;0;0;0;0;0;0;0;0;0;0;0;0;0;0;0;0;0;0;0;0;0;0;0
10770;5;60440;-101052010;12;0;0;0;0;0;0;0;0;0;0;0;0;0;0;0;0;0;0;0;0;0;0;0;0;0
10770;5;60440;-102011980;12;0;0;0;0;0;0;0;0;0;0;0;0;0;0;0;0;0;0;0;0;0;0;0;0;0
9;1;-4;204;12;0;0;0;0;0;0;0;0;0;0;0;0;0;0;0;0;0;0;0;0;0;0;0;0;0
-531110;6;41015130;-12411110;12;1;27777070;8;44444040;-1113205206.0207;19;0;0;0;0;0;0;0;0;0;0;0;0;0;0;0;0;0;0;0
-5117770;7;4664440;-12111168170196.0;7;0;0;0;0;0;0;0;0;0;0;0;0;0;0;0;0;0;0;0;0;0;0;0;0;0
-51770;5;46440;-1211185196.0;7;0;0;0;0;0;0;0;0;0;0;0;0;0;0;0;0;0;0;0;0;0;0;0;0;0
-115111;6;-64600;-11125111;7;1;-211077770;10;667776604444.0;-1110242147124.0;7;0;0;0;0;0;0;0;0;0;0;0;0;0;0;0;0;0;0;0
-31111110;8;1101510139.0;-11111110;7;1;77;2;44;222208;19;1;-4110;4;41530;-104110;19;1;77770;5;44440;209208242210.0;7;0;0;0;0;0;0;0
-3111110;7;1101510130.0;-1111110;7;1;61111111;8;-411101190;-1181111111.0;7;1;77777770;8;44444440;2.1122220814321215e+170;2;1;19;2;77770;5;44440;209208242210.0;19;1;-7770417;7;44404134;-10411002131.01214
1155111;7;-151441410;-11122122111.0;7;2;77777070;8;44444040;148216124136.0217;19;1;-4170;4;4640;-21812190;2;0;0;0;0;0;0;0;0;0;0;0;0;0
111;3;-1520;-111;7;1;57;2;44;109220;25;1;-1555141;7;144441340;-1128122129.012211;18;1;77;2;44;150222;19;1;577050;6;444040;1142230114.0;20;0
1155177770.0;10;664464444.0;-1.1122122111322022e+200;7;0;0;0;0;0;0;0;0;0;0;0;0;0;0;0;0;0;0;0;0;0;0;0;0;0
149;3;-44;-1225226112227228.0;7;0;0;0;0;0;0;0;0;0;0;0;0;0;0;0;0;0;0;0;0;0;0;0;0;0
111515;6;-14514144;-1111141109.0;7;1;770;3;440;1621960;6;0;0;0;0;0;0;0;0;0;0;0;0;0;0;0;0;0;0;0
1;1;0;-1;7;1;111117;6;-2310474;-111111;2;1;515770;6;464440;-1141109162164.0;2;0;0;0;0;0;0;0;0;0;0;0;0;0
111177;6;1010044;-1111115115.0;7;1;-311111111;9;-7066708007.0;-111111111;7;2;20;2;1000;-10;7;1;7;1;7777;4;4444;198111124;7;1;777777704.0;9;444444400;111229230205124.0
-11115;5;-101004;-1111133;7;1;-41070;5;47040;-231102320;6;0;0;0;0;0;0;0;0;0;0;0;0;0;0;0;0;0;0;0
70;2;40;2220;6;0;0;0;0;0;0;0;0;0;0;0;0;0;0;0;0;0;0;0;0;0;0;0;0;0
170;3;640;-12090;18;0;0;0;0;0;0;0;0;0;0;0;0;0;0;0;0;0;0;0;0;0;0;0;0;0
77770;5;44440;1062332230.0;6;0;0;0;0;0;0;0;0;0;0;0;0;0;0;0;0;0;0;0;0;0;0;0;0;0
770;3;440;2342350;6;0;0;0;0;0;0;0;0;0;0;0;0;0;0;0;0;0;0;0;0;0;0;0;0;0
70;2;40;2360;6;0;0;0;0;0;0;0;0;0;0;0;0;0;0;0;0;0;0;0;0;0;0;0;0;0
70;2;40;2110;6;0;0;0;0;0;0;0;0;0;0;0;0;0;0;0;0;0;0;0;0;0;0;0;0;0
1;1;-10;-1;13;2;790;3;440;2372350;6;1;77770;5;44440;1222162380.0;6;0;0;0;0;0;0;0;0;0;0;0;0;0
9;1;-4;239;14;0;0;0;0;0;0;0;0;0;0;0;0;0;0;0;0;0;0;0;0;0;0;0;0;0
77777;5;44444;240198230;6;1;7770;4;4440;1992402230.0;6;0;0;0;0;0;0;0;0;0;0;0;0;0;0;0;0;0;0;0
4777777;7;4444444;241242240243230.0;6;1;7;1;4;244;6;1;77770;5;44440;240223230198.0;6;0;0;0;0;0;0;0;0;0;0;0;0;0
177;3;44;-1198;7;1;77;2;44;245198;6;1;77770;5;44440;199200246233.0;6;0;0;0;0;0;0;0;0;0;0;0;0;0
9;1;-4;247;7;0;0;0;0;0;0;0;0;0;0;0;0;0;0;0;0;0;0;0;0;0;0;0;0;0
-11210;5;14397130;-11110;7;1;77777770;8;44444440;2.3524822224923423e+170;6;0;0;0;0;0;0;0;0;0;0;0;0;0;0;0;0;0;0;0
-21;2;-48313;-11;6;2;7770;4;4440;2502222510.0;6;1;-21;2;-48313;-11;6;2;7770;4;4440;2502222510.0;6;1;770;3;440;2522530;6;0
7770;4;4440;2222540;6;0;0;0;0;0;0;0;0;0;0;0;0;0;0;0;0;0;0;0;0;0;0;0;0;0
7770;4;4440;2222540;6;0;0;0;0;0;0;0;0;0;0;0;0;0;0;0;0;0;0;0;0;0;0;0;0;0
-3111100;7;66666600;-1111100;6;0;0;0;0;0;0;0;0;0;0;0;0;0;0;0;0;0;0;0;0;0;0;0;0;0
-311111040;9;666666604.0;-1111110104.0;7;0;0;0;0;0;0;0;0;0;0;0;0;0;0;0;0;0;0;0;0;0;0;0;0;0
20;2;60;-10;6;0;0;0;0;0;0;0;0;0;0;0;0;0;0;0;0;0;0;0;0;0;0;0;0;0
20;2;60;-10;6;0;0;0;0;0;0;0;0;0;0;0;0;0;0;0;0;0;0;0;0;0;0;0;0;0
20;2;60;-10;6;0;0;0;0;0;0;0;0;0;0;0;0;0;0;0;0;0;0;0;0;0;0;0;0;0
-31111110277.0;13;666666660.0644;-111111101104.0;7;0;0;0;0;0;0;0;0;0;0;0;0;0;0;0;0;0;0;0;0;0;0;0;0;0
-1113111111.0;11;14501112409212.0;-1111111111.0;7;1;720;3;460;-10410;6;0;0;0;0;0;0;0;0;0;0;0;0;0;0;0;0;0;0;0
20;2;60;-10;6;0;0;0;0;0;0;0;0;0;0;0;0;0;0;0;0;0;0;0;0;0;0;0;0;0
-3111110777.0;11;110409200444.0;-1111110255149.0;7;1;2000;3;47000;-1000;7;0;0;0;0;0;0;0;0;0;0;0;0;0;0;0;0;0;0;0
1;1;-12;-1;7;1;6;1;7777770;7;4444440;256257199258.0;6;1;77770;5;44440;1981982570.0;6;1;70;2;40;2230;6;0;0;0;0;0
20;2;60;-10;6;0;0;0;0;0;0;0;0;0;0;0;0;0;0;0;0;0;0;0;0;0;0;0;0;0
7770;4;4440;1681240;7;0;0;0;0;0;0;0;0;0;0;0;0;0;0;0;0;0;0;0;0;0;0;0;0;0
-31111110;8;1015143400.0;-11111110;7;1;-2107770;7;667130444.0;-1101041100.0;19;1;490;3;440;1322592600.0;19;0;0;0;0;0;0;0;0;0;0;0;0;0
1177700;7;6644400;-1126120900.0;7;0;0;0;0;0;0;0;0;0;0;0;0;0;0;0;0;0;0;0;0;0;0;0;0;0
20;2;60;-10;2;0;0;0;0;0;0;0;0;0;0;0;0;0;0;0;0;0;0;0;0;0;0;0;0;0
0;2;0;0;6;0;0;0;0;0;0;0;0;0;0;0;0;0;0;0;0;0;0;0;0;0;0;0;0;0
-311111;6;-6666666;-111111;17;4;80;2;0;0;17;3;20;2;0;0;17;2;877700;6;1044400;26226300;17;1;-4111;4;-41000;-264111;17;2
-155;3;-1044;-1136136;24;1;-311111117;9;1015098107.04;-11111111280.0;19;1;-217;3;1096104;-11280;19;2;-2107770;7;1096100444.0;-1101471040.0;19;2;111115;6;-2350004;-11111136;19;2
-3111070;7;6666040;-111101470;2;0;0;0;0;0;0;0;0;0;0;0;0;0;0;0;0;0;0;0;0;0;0;0;0;0
1117011175.0;9;-1000401000.044;-111101111136.0;7;1;877770;6;644440;106257281282.0;26;0;0;0;0;0;0;0;0;0;0;0;0;0;0;0;0;0;0;0
7770;4;4440;1152832840.0;2;0;0;0;0;0;0;0;0;0;0;0;0;0;0;0;0;0;0;0;0;0;0;0;0;0
7770;4;4440;1142832840.0;2;0;0;0;0;0;0;0;0;0;0;0;0;0;0;0;0;0;0;0;0;0;0;0;0;0
11179;5;-96644;-1111260;7;0;0;0;0;0;0;0;0;0;0;0;0;0;0;0;0;0;0;0;0;0;0;0;0;0
-31107270;8;66604440;-11102421284.0;6;0;0;0;0;0;0;0;0;0;0;0;0;0;0;0;0;0;0;0;0;0;0;0;0;0
11177770;8;96044440;-1111256265151.0;7;0;0;0;0;0;0;0;0;0;0;0;0;0;0;0;0;0;0;0;0;0;0;0;0;0
19;2;-134;-1285;7;1;557011117.0;8;-4440237004.0;-128109101111.01;6;1;777770;6;444440;256265172185.0;7;1;-57770;5;44440;1371265286.0;7;0;0;0;0;0;0;0
90;2;40;2870;2;0;0;0;0;0;0;0;0;0;0;0;0;0;0;0;0;0;0;0;0;0;0;0;0;0
7770;4;4440;1151052830.0;2;0;0;0;0;0;0;0;0;0;0;0;0;0;0;0;0;0;0;0;0;0;0;0;0;0
111790;6;966440;-11112880;7;0;0;0;0;0;0;0;0;0;0;0;0;0;0;0;0;0;0;0;0;0;0;0;0;0
-31110770;8;66660440;-11110143158.0;7;0;0;0;0;0;0;0;0;0;0;0;0;0;0;0;0;0;0;0;0;0;0;0;0;0
-3111077770.0;10;10151304444.0;-11110242143198.0;7;1;200;2;11700;-100;7;1;7770;4;4440;2062071980.0;7;0;0;0;0;0;0;0;0;0;0;0;0;0
-570;3;440;13810;7;0;0;0;0;0;0;0;0;0;0;0;0;0;0;0;0;0;0;0;0;0;0;0;0;0
-311107;6;10151304;-11110143;2;1;2090;3;97040;-10289112113290.0;19;0;0;0;0;0;0;0;0;0;0;0;0;0;0;0;0;0;0;0
490;3;440;2912920;7;0;0;0;0;0;0;0;0;0;0;0;0;0;0;0;0;0;0;0;0;0;0;0;0;0
9;1;-4;293294;20;0;0;0;0;0;0;0;0;0;0;0;0;0;0;0;0;0;0;0;0;0;0;0;0;0
-31110;5;1015130;-11110;7;1;20055770;7;1170044440.0;-100139102295168.0;6;0;0;0;0;0;0;0;0;0;0;0;0;0;0;0;0;0;0;0
-51770;5;46440;-140111570;7;0;0;0;0;0;0;0;0;0;0;0;0;0;0;0;0;0;0;0;0;0;0;0;0;0
0;2;0;0;6;0;0;0;0;0;0;0;0;0;0;0;0;0;0;0;0;0;0;0;0;0;0;0;0;0
-3100;4;2700;-1100;6;0;0;0;0;0;0;0;0;0;0;0;0;0;0;0;0;0;0;0;0;0;0;0;0;0
-3111070;7;6666040;-111101040;6;0;0;0;0;0;0;0;0;0;0;0;0;0;0;0;0;0;0;0;0;0;0;0;0;0
-31100;5;66600;-11100;6;0;0;0;0;0;0;0;0;0;0;0;0;0;0;0;0;0;0;0;0;0;0;0;0;0
20;2;60;-10;6;0;0;0;0;0;0;0;0;0;0;0;0;0;0;0;0;0;0;0;0;0;0;0;0;0
-3111190;7;66666640;-11111102103.0;7;0;0;0;0;0;0;0;0;0;0;0;0;0;0;0;0;0;0;0;0;0;0;0;0;0
770;3;440;1052960;6;0;0;0;0;0;0;0;0;0;0;0;0;0;0;0;0;0;0;0;0;0;0;0;0;0
3000;3;66000;-1000;6;0;0;0;0;0;0;0;0;0;0;0;0;0;0;0;0;0;0;0;0;0;0;0;0;0
-31111070;8;666666040.0;-1111101040.0;6;0;0;0;0;0;0;0;0;0;0;0;0;0;0;0;0;0;0;0;0;0;0;0;0;0
-3111077700.0;10;666604440.0;-11110155104.0;6;0;0;0;0;0;0;0;0;0;0;0;0;0;0;0;0;0;0;0;0;0;0;0;0;0
-31100;5;66600;-11100;6;0;0;0;0;0;0;0;0;0;0;0;0;0;0;0;0;0;0;0;0;0;0;0;0;0
-31100;5;66600;-11100;6;0;0;0;0;0;0;0;0;0;0;0;0;0;0;0;0;0;0;0;0;0;0;0;0;0
-31100;5;66600;-11100;6;0;0;0;0;0;0;0;0;0;0;0;0;0;0;0;0;0;0;0;0;0;0;0;0;0
-31100;5;66600;-11100;6;0;0;0;0;0;0;0;0;0;0;0;0;0;0;0;0;0;0;0;0;0;0;0;0;0
-31111070;8;266666040;-1111101920.0;6;0;0;0;0;0;0;0;0;0;0;0;0;0;0;0;0;0;0;0;0;0;0;0;0;0
-31111070;8;266666040;-1111101920.0;6;0;0;0;0;0;0;0;0;0;0;0;0;0;0;0;0;0;0;0;0;0;0;0;0;0
77770;5;44440;2962972980.0;6;0;0;0;0;0;0;0;0;0;0;0;0;0;0;0;0;0;0;0;0;0;0;0;0;0
4770;4;4440;241299300242.0;6;0;0;0;0;0;0;0;0;0;0;0;0;0;0;0;0;0;0;0;0;0;0;0;0;0
-3111077770.0;10;666604444.0;-11110227105296104.0;6;0;0;0;0;0;0;0;0;0;0;0;0;0;0;0;0;0;0;0;0;0;0;0;0;0
-31111070;8;666666040.0;-1111101040.0;6;0;0;0;0;0;0;0;0;0;0;0;0;0;0;0;0;0;0;0;0;0;0;0;0;0
10;2;60;-10;7;0;0;0;0;0;0;0;0;0;0;0;0;0;0;0;0;0;0;0;0;0;0;0;0;0
-311020;6;666040;-111010;6;0;0;0;0;0;0;0;0;0;0;0;0;0;0;0;0;0;0;0;0;0;0;0;0;0
58770;5;46440;1360301302.0;2;0;0;0;0;0;0;0;0;0;0;0;0;0;0;0;0;0;0;0;0;0;0;0;0;0
-3111110777.0;11;1101510500.0444;-1111110238284.0;6;1;2777020070.0;10;4444011700.04;-11040100303.0;6;0;0;0;0;0;0;0;0;0;0;0;0;0;0;0;0;0;0;0
-1419;4;-4134;-11071304;7;1;577770;6;444440;109305306307.0;6;1;555;3;-444;109139141;19;1;7777770;7;4444440;308309291124310.0;19;1;7490;4;4440;1571463110.0;6;0
87;2;2904;312;7;1;-211;3;-11718;-111;7;2;870;3;1040;2070;27;1;8777770;7;6444440;179313105111203.0;27;0;0;0;0;0;0;0
-31110;5;1015130;-11110;7;1;1740;4;11440;-11126112314127.0;7;0;0;0;0;0;0;0;0;0;0;0;0;0;0;0;0;0;0;0
-31112;5;1015110;-11110;17;1;77702;5;-44404;-24114301;17;2;877770;6;1444440;247112113315.0;17;1;-41111;5;-415436;-1301111;17;2;890;3;1440;1270;26;1
-311107;6;10151304;-11110110;7;1;-41580;5;46460;-1323171142.0;19;0;0;0;0;0;0;0;0;0;0;0;0;0;0;0;0;0;0;0
-311110;7;10153190;-111110;7;2;551118;6;-44155914;-1421221110.0;6;2;7777700;7;4444400;2472491240.0;7;1;-411114009;8;-466664004;-1041111100.0127;6;0;0;0;0;0;0;0
11175;5;-120044;-1111136;7;1;8770;4;6440;3013180;26;0;0;0;0;0;0;0;0;0;0;0;0;0;0;0;0;0;0;0
-3111110777.0;11;101529000444.0;-1111110319247.0;7;1;-1772004;6;-44117004;-1242143100.0104;6;1;-4190;4;4640;-3203211127.0;7;0;0;0;0;0;0;0;0;0;0;0;0;0
-5151770;7;4646440;-12111211322323.0;7;0;0;0;0;0;0;0;0;0;0;0;0;0;0;0;0;0;0;0;0;0;0;0;0;0
5511780;7;4466460;-1431221110.0;6;0;0;0;0;0;0;0;0;0;0;0;0;0;0;0;0;0;0;0;0;0;0;0;0;0
-731110770.0;9;466660440;-11110177104.0;6;0;0;0;0;0;0;0;0;0;0;0;0;0;0;0;0;0;0;0;0;0;0;0;0;0
49;2;-44;324325;6;0;0;0;0;0;0;0;0;0;0;0;0;0;0;0;0;0;0;0;0;0;0;0;0;0
-8111;4;-3320;-1111;7;1;557777770.0;9;444444440;1.3914430132612412e+200;6;1;77700;5;44400;32817500;6;0;0;0;0;0;0;0;0;0;0;0;0;0
-31100;5;66600;-11100;6;0;0;0;0;0;0;0;0;0;0;0;0;0;0;0;0;0;0;0;0;0;0;0;0;0
170;3;640;-13290;7;0;0;0;0;0;0;0;0;0;0;0;0;0;0;0;0;0;0;0;0;0;0;0;0;0
-31100;5;66600;-11100;6;0;0;0;0;0;0;0;0;0;0;0;0;0;0;0;0;0;0;0;0;0;0;0;0;0
170;3;40;-13300;7;0;0;0;0;0;0;0;0;0;0;0;0;0;0;0;0;0;0;0;0;0;0;0;0;0
-311110;6;10151870;-111110;7;1;777777770.0;10;444444440;3.312423321241363e+170;6;1;777700;6;444400;3312421270.0;6;0;0;0;0;0;0;0;0;0;0;0;0;0
-5790;4;4440;14513340;7;0;0;0;0;0;0;0;0;0;0;0;0;0;0;0;0;0;0;0;0;0;0;0;0;0
170;3;640;-13350;7;0;0;0;0;0;0;0;0;0;0;0;0;0;0;0;0;0;0;0;0;0;0;0;0;0
-311020;6;6660320;-111010;6;0;0;0;0;0;0;0;0;0;0;0;0;0;0;0;0;0;0;0;0;0;0;0;0;0
-31102100;8;666047600.0;-11101100;6;0;0;0;0;0;0;0;0;0;0;0;0;0;0;0;0;0;0;0;0;0;0;0;0;0
-3110720;7;66604320;-111033610;6;0;0;0;0;0;0;0;0;0;0;0;0;0;0;0;0;0;0;0;0;0;0;0;0;0
170;3;640;-13290;7;0;0;0;0;0;0;0;0;0;0;0;0;0;0;0;0;0;0;0;0;0;0;0;0;0
-311107720;9;666604440.0;-11110241104.01;6;0;0;0;0;0;0;0;0;0;0;0;0;0;0;0;0;0;0;0;0;0;0;0;0;0
11170;5;66640;-1113370;7;0;0;0;0;0;0;0;0;0;0;0;0;0;0;0;0;0;0;0;0;0;0;0;0;0
-5790;4;4440;1463383390.0;7;0;0;0;0;0;0;0;0;0;0;0;0;0;0;0;0;0;0;0;0;0;0;0;0;0
770;3;440;3401710;7;0;0;0;0;0;0;0;0;0;0;0;0;0;0;0;0;0;0;0;0;0;0;0;0;0
49;2;-44;341342;6;0;0;0;0;0;0;0;0;0;0;0;0;0;0;0;0;0;0;0;0;0;0;0;0;0
9;1;-4;343;7;0;0;0;0;0;0;0;0;0;0;0;0;0;0;0;0;0;0;0;0;0;0;0;0;0
-3111070;7;66666040;-111101920;6;0;0;0;0;0;0;0;0;0;0;0;0;0;0;0;0;0;0;0;0;0;0;0;0;0
-3111077770.0;11;6666604444.0;-11110103235344.0;6;0;0;0;0;0;0;0;0;0;0;0;0;0;0;0;0;0;0;0;0;0;0;0;0;0
-31110770;8;666660440.0;-11110345192.0;6;0;0;0;0;0;0;0;0;0;0;0;0;0;0;0;0;0;0;0;0;0;0;0;0;0
-577777770.0;9;444444440;1.0412353462093471e+210;7;0;0;0;0;0;0;0;0;0;0;0;0;0;0;0;0;0;0;0;0;0;0;0;0;0
-31110777;8;222920444;-11110103150348.0;6;1;7777;4;4444;235349241143.0;6;1;2090;3;117040;-103500;6;0;0;0;0;0;0;0;0;0;0;0;0;0
-3111077700.0;10;666660444.0;-11110351233.0;2;0;0;0;0;0;0;0;0;0;0;0;0;0;0;0;0;0;0;0;0;0;0;0;0;0
770;3;440;3013470;6;0;0;0;0;0;0;0;0;0;0;0;0;0;0;0;0;0;0;0;0;0;0;0;0;0
1190;4;6640;-1135210;7;0;0;0;0;0;0;0;0;0;0;0;0;0;0;0;0;0;0;0;0;0;0;0;0;0
17770;5;64440;-1328353347.0;7;0;0;0;0;0;0;0;0;0;0;0;0;0;0;0;0;0;0;0;0;0;0;0;0;0
477777070;9;444444040;354355124125356.06;6;0;0;0;0;0;0;0;0;0;0;0;0;0;0;0;0;0;0;0;0;0;0;0;0;0
-5740;4;4440;14713580;7;0;0;0;0;0;0;0;0;0;0;0;0;0;0;0;0;0;0;0;0;0;0;0;0;0
-4111;4;-4713;-107111;17;2;770;3;440;3593600;19;1;-311111111;9;-666681137.0;-111111111;26;2;77080;5;44000;361000;26;1;26;1;777;3;444;207362204
-31100;5;66600;-11100;6;0;0;0;0;0;0;0;0;0;0;0;0;0;0;0;0;0;0;0;0;0;0;0;0;0
-31100;5;66600;-11100;6;0;0;0;0;0;0;0;0;0;0;0;0;0;0;0;0;0;0;0;0;0;0;0;0;0
-73100;5;46600;-3671100;6;0;0;0;0;0;0;0;0;0;0;0;0;0;0;0;0;0;0;0;0;0;0;0;0;0
-311070;6;666040;-11101820;6;0;0;0;0;0;0;0;0;0;0;0;0;0;0;0;0;0;0;0;0;0;0;0;0;0
407;2;404;1070368;9;1;-311107770;9;666604440.0;-11110190124.0;7;0;0;0;0;0;0;0;0;0;0;0;0;0;0;0;0;0;0;0
6;1;77770;5;44440;231105369104.0;6;0;0;0;0;0;0;0;0;0;0;0;0;0;0;0;0;0;0;0;0;0;0;0
70;2;40;3700;6;0;0;0;0;0;0;0;0;0;0;0;0;0;0;0;0;0;0;0;0;0;0;0;0;0
-31111070;8;666666040.0;-1111101040.0;6;0;0;0;0;0;0;0;0;0;0;0;0;0;0;0;0;0;0;0;0;0;0;0;0;0
-31111070;8;666666040.0;-1111101230.0;6;0;0;0;0;0;0;0;0;0;0;0;0;0;0;0;0;0;0;0;0;0;0;0;0;0
-3111111040.0;10;666666660.04;-11111110104.0;7;0;0;0;0;0;0;0;0;0;0;0;0;0;0;0;0;0;0;0;0;0;0;0;0;0
-31111070;8;666666040.0;-1111101040.0;6;0;0;0;0;0;0;0;0;0;0;0;0;0;0;0;0;0;0;0;0;0;0;0;0;0
-31111070;8;666666040.0;-1111101230.0;6;0;0;0;0;0;0;0;0;0;0;0;0;0;0;0;0;0;0;0;0;0;0;0;0;0
-3111111077.0;11;666666660.044;-11111110204104.0;7;0;0;0;0;0;0;0;0;0;0;0;0;0;0;0;0;0;0;0;0;0;0;0;0;0
-11131111077.0;12;666666666.044;-111111110371104.0;7;0;0;0;0;0;0;0;0;0;0;0;0;0;0;0;0;0;0;0;0;0;0;0;0;0
-11131111077.0;12;666666666.044;-111111110372104.0;7;0;0;0;0;0;0;0;0;0;0;0;0;0;0;0;0;0;0;0;0;0;0;0;0;0
-311100;6;666600;-111100;6;0;0;0;0;0;0;0;0;0;0;0;0;0;0;0;0;0;0;0;0;0;0;0;0;0
-3111111070.0;10;666666600.04;-11111110104.0;7;0;0;0;0;0;0;0;0;0;0;0;0;0;0;0;0;0;0;0;0;0;0;0;0;0
-3111111070.0;10;666666600.04;-11111110104.0;7;0;0;0;0;0;0;0;0;0;0;0;0;0;0;0;0;0;0;0;0;0;0;0;0;0
-3111111070.0;10;666666660.04;-11111110104.0;7;0;0;0;0;0;0;0;0;0;0;0;0;0;0;0;0;0;0;0;0;0;0;0;0;0
-3111111070.0;10;666666660.04;-11111110104.0;7;0;0;0;0;0;0;0;0;0;0;0;0;0;0;0;0;0;0;0;0;0;0;0;0;0
-3111110777.0;11;66666660444.0;-1111110104130373.0;6;0;0;0;0;0;0;0;0;0;0;0;0;0;0;0;0;0;0;0;0;0;0;0;0;0
-531111100;9;4666666600.0;-1091111110.0;7;0;0;0;0;0;0;0;0;0;0;0;0;0;0;0;0;0;0;0;0;0;0;0;0;0
-5311111100.0;10;4666666666.0;-1091111111.0;7;0;0;0;0;0;0;0;0;0;0;0;0;0;0;0;0;0;0;0;0;0;0;0;0;0
777;3;444;374150266;6;1;-3111111077.0;11;666666666.044;-11111110129104.0;6;0;0;0;0;0;0;0;0;0;0;0;0;0;0;0;0;0;0;0
1777700;7;444400;-1105375326.0;7;0;0;0;0;0;0;0;0;0;0;0;0;0;0;0;0;0;0;0;0;0;0;0;0;0
-31111110;8;1103409200.0;-11111110;7;1;77770;5;44440;227376104240.0;6;0;0;0;0;0;0;0;0;0;0;0;0;0;0;0;0;0;0;0
-311070;6;666040;-11101060;6;0;0;0;0;0;0;0;0;0;0;0;0;0;0;0;0;0;0;0;0;0;0;0;0;0
-311070;6;666040;-11101110;6;0;0;0;0;0;0;0;0;0;0;0;0;0;0;0;0;0;0;0;0;0;0;0;0;0
-311107770;9;666604440.0;-11110220221377.0;6;0;0;0;0;0;0;0;0;0;0;0;0;0;0;0;0;0;0;0;0;0;0;0;0;0
-3111110777.0;11;110310000444.0;-1111110378198.0;7;1;770;3;440;1993790;2;0;0;0;0;0;0;0;0;0;0;0;0;0;0;0;0;0;0;0
-3111110;7;110310000;-1111110;7;1;79;2;-44;200120121380.0;6;1;777777770.0;10;4444444400.0;1.0e+INF;6;0;0;0;0;0;0;0;0;0;0;0;0;0
-311107770;9;666604440.0;-11110106301104.0;6;0;0;0;0;0;0;0;0;0;0;0;0;0;0;0;0;0;0;0;0;0;0;0;0;0
-311070;6;666040;-11101110;6;0;0;0;0;0;0;0;0;0;0;0;0;0;0;0;0;0;0;0;0;0;0;0;0;0
-311100;6;10151100;-111100;17;1;7;1;4;243;17;2;870;3;640;2470;17;1;-41111108;8;-4154000034.0;-1301111100.0;17;2;770;3;440;2421270;28;1
111;3;-14;-111;7;1;5511877777.0;11;4466644444.0;-1.4914911038738813e+230;6;0;0;0;0;0;0;0;0;0;0;0;0;0;0;0;0;0;0;0
17;2;144;-1243;18;1;5511;4;-44353;-14915011;6;2;701580;5;4011460;-2430114900.0;7;1;-21187770;8;6664440;-1110243390129.0;7;0;0;0;0;0;0;0
111;3;-1430;-111;7;1;-3111110;7;1061514430.0;-1111110;7;1;777777770.0;10;444444440;1.5410411032439115e+170;19;2;511175111;9;-4743441542.0;-1511111142.0111;19;1;261585009;10;149477148;3.923933943953961e+29;22;1
