0;0;0;0;0;-6;0;-1;9;1;0;0;0;0;0;0;0;0;0;0;0;0;0;0;0;0;0;0;0;0;0;0;0;0;0;0;0;0;0;0;0;0;0;9;1;0;0;0;0;0
0;0;0;0;0;-6;0;-1;6;1;0;0;0;0;0;0;0;0;0;0;0;0;0;0;0;0;0;0;0;0;0;0;0;0;0;0;0;0;0;0;0;0;0;0;0;0;0;0;0;0
0;0;0;0;0;0;0;0;0;0;-6;0;-1;6;1;0;0;0;0;0;0;0;0;0;0;0;0;0;0;0;0;0;0;0;0;0;0;0;0;0;0;0;0;0;0;0;0;0;0;0
0;0;0;0;0;0;0;0;0;0;0;0;0;0;0;0;0;0;0;0;0;0;0;0;0;0;0;0;0;0;-4;4;102103;6;1;0;0;0;0;0;0;0;0;0;0;0;0;0;0;0
0;0;0;0;0;0;0;0;0;0;0;0;0;0;0;0;0;0;0;0;0;0;0;0;0;0;0;0;0;0;0;0;0;0;0;0;0;0;0;0;0;0;0;6;1;0;0;0;0;0
0;0;0;0;0;0;0;0;0;0;0;0;0;0;0;0;0;0;0;0;0;0;0;0;0;0;0;0;0;0;0;0;0;0;0;0;0;0;0;0;0;0;0;6;1;0;0;0;0;0
0;0;0;0;0;0;0;0;0;0;0;0;0;0;0;0;0;0;0;0;0;0;0;0;0;0;0;0;0;0;0;0;0;0;0;0;0;0;0;0;0;0;0;6;1;0;0;0;0;0
0;0;0;0;0;0;0;0;0;0;-6;0;-1;6;1;0;0;0;0;0;0;0;0;0;0;0;0;0;0;0;0;0;0;0;0;0;0;0;0;0;0;0;0;0;0;0;0;0;0;0
0;0;0;0;0;0;0;0;0;0;-6;0;-1;6;1;0;0;0;0;0;0;0;0;0;0;0;0;0;0;0;0;0;0;0;0;0;0;0;0;0;0;0;0;0;0;0;0;0;0;0
0;0;0;0;0;0;0;0;0;0;-6;0;-1;6;1;0;0;0;0;0;0;0;0;0;0;0;0;0;0;0;0;0;0;0;0;0;0;0;0;0;0;0;0;0;0;0;0;0;0;0
0;0;0;0;0;0;0;0;0;0;-6;0;-1;6;1;0;0;0;0;0;0;0;0;0;0;0;0;0;0;0;0;0;0;0;0;0;0;0;0;0;0;0;0;0;0;0;0;0;0;0
0;0;0;0;0;0;0;0;0;0;0;0;0;0;0;0;0;0;0;0;0;0;0;0;0;0;0;0;0;0;0;0;0;0;0;0;0;0;0;0;0;0;0;6;1;0;0;0;0;0
0;0;0;0;0;0;0;0;0;0;-6;0;-1;6;1;0;0;0;0;0;0;0;0;0;0;0;0;0;0;0;0;0;0;0;0;0;0;0;0;0;0;0;0;0;0;0;0;0;0;0
0;0;0;0;0;0;0;0;0;0;-6;0;-1;6;1;0;0;0;0;0;0;0;0;0;0;0;0;0;0;0;-4;0;104;6;1;0;0;0;0;0;0;0;0;0;0;0;0;0;0;0
0;0;0;0;0;0;0;0;0;0;0;0;0;0;0;0;0;0;0;0;0;0;0;0;0;0;0;0;0;0;0;0;0;0;0;0;0;0;0;0;0;0;0;6;1;0;0;0;0;0
0;0;0;0;0;0;0;0;0;0;0;0;0;0;0;0;0;0;0;0;0;0;0;0;0;0;0;0;0;0;-4;44;105106107;6;1;0;0;0;0;0;0;0;0;0;0;0;0;0;0;0
0;0;0;0;0;0;0;0;0;0;-6;0;-1;6;1;0;0;0;0;0;0;0;0;0;0;0;0;0;0;0;-4;0;104;6;1;0;0;0;0;0;0;0;0;0;0;0;0;0;0;0
0;0;0;0;0;0;0;0;0;0;-6;0;-1;6;1;0;0;0;0;0;0;0;0;0;0;0;0;0;0;0;-4;0;104;6;1;0;0;0;0;0;0;0;0;0;0;0;0;0;0;0
0;0;0;0;0;0;0;0;0;0;0;0;0;0;0;0;0;0;0;0;0;0;0;0;0;0;0;0;0;0;-4;4;105108;6;1;0;0;0;0;0;0;0;0;0;0;0;0;0;0;0
0;0;0;0;0;0;0;0;0;0;-6;0;-1;6;1;0;0;0;0;0;0;0;0;0;0;0;0;0;0;0;-4;0;104;6;1;0;0;0;0;0;0;0;0;0;0;0;0;0;0;0
0;0;0;0;0;0;0;0;0;0;0;0;0;0;0;0;0;0;0;0;0;0;0;0;0;0;0;0;0;0;-4;44;109105110;6;1;0;0;0;0;0;0;0;0;0;0;0;0;0;0;0
0;0;0;0;0;0;0;0;0;0;0;0;0;0;0;0;0;0;0;0;0;0;0;0;0;0;0;0;0;0;-4;4;105111;6;1;0;0;0;0;0;0;0;0;0;0;0;0;0;0;0
0;0;0;0;0;0;0;0;0;0;0;0;0;0;0;0;0;0;0;0;0;0;0;0;0;0;0;0;0;0;-4;4;105111;6;1;0;0;0;0;0;0;0;0;0;0;0;0;0;0;0
0;0;0;0;0;-6;0;-1;10;1;0;0;0;0;0;0;0;0;0;0;0;0;0;0;0;0;0;0;0;0;-4;44;112113109;10;1;0;0;0;0;0;0;0;0;0;0;0;0;0;0;0
-8;-100;-111;7;1;0;0;0;0;0;-6;0;-1;11;1;0;0;0;0;0;0;0;0;0;0;0;0;0;0;0;-4;0;114115116;71111;3;0;0;0;0;0;0;0;0;0;0;0;0;0;0;0
0;0;0;0;0;0;0;0;0;0;0;0;0;0;0;0;0;0;0;0;0;0;0;0;0;0;0;0;0;0;0;0;0;0;0;0;0;0;0;0;0;0;0;6;1;0;0;0;0;0
0;0;0;0;0;0;0;0;0;0;-6;0;-1;7;1;0;0;0;0;0;0;0;0;0;0;0;0;0;0;0;0;0;0;0;0;0;0;0;0;0;0;0;0;0;0;-4;0;100;7;1
0;0;0;0;0;-6;0;-1;6;1;0;0;0;0;0;0;0;0;0;0;0;0;0;0;0;0;0;0;0;0;0;0;0;0;0;0;0;0;0;0;0;0;0;0;0;0;0;0;0;0
0;0;0;0;0;0;0;0;0;0;-6;0;-1;6;1;0;0;0;0;0;0;0;0;0;0;0;0;0;0;0;0;0;0;0;0;0;0;0;0;0;0;0;0;0;0;0;0;0;0;0
0;0;0;0;0;-6;0;-1;6;1;0;0;0;0;0;0;0;0;0;0;0;0;0;0;0;0;0;0;0;0;-4;0;119;6;1;0;0;0;0;0;0;0;0;0;0;0;0;0;0;0
0;0;0;0;0;-6;0;-1;6;1;0;0;0;0;0;0;0;0;0;0;0;0;0;0;0;0;0;0;0;0;0;0;0;0;0;0;0;0;0;0;0;0;0;0;0;0;0;0;0;0
0;0;0;0;0;0;0;0;0;0;-6;0;-1;6;1;0;0;0;0;0;0;0;0;0;0;0;0;0;0;0;0;0;0;0;0;0;0;0;0;0;0;0;0;0;0;-4;0;100;6;1
0;0;0;0;0;0;0;0;0;0;-6;0;-1;6;1;0;0;0;0;0;0;0;0;0;0;0;0;0;0;0;-4;4;120104;6;1;0;0;0;0;0;0;0;0;0;0;0;0;0;0;0
0;0;0;0;0;0;0;0;0;0;-6;0;-1;6;1;0;0;0;0;0;0;0;0;0;0;0;0;0;0;0;0;0;0;0;0;0;0;0;0;0;0;0;0;0;0;-4;0;100;6;1
0;0;0;0;0;0;0;0;0;0;-6;0;-1;6;1;0;0;0;0;0;0;0;0;0;0;0;0;0;0;0;0;0;0;0;0;0;0;0;0;0;0;0;0;0;0;-4;0;100;6;1
0;0;0;0;0;0;0;0;0;0;-10;0;-1;7;1;0;0;0;0;0;0;0;0;0;0;0;0;0;0;0;-4;44444;122123124125.0;6;1;0;0;0;0;0;0;0;0;0;0;-4;0;100;6;1
0;0;0;0;0;0;0;0;0;0;-6;0;-1;6;1;0;0;0;0;0;0;0;0;0;0;0;0;0;0;0;-4;44;1.021261271281291e+23;666;3;0;0;0;0;0;0;0;0;0;0;0;0;0;0;0
0;0;0;0;0;-6;0;-1;6;1;0;0;0;0;0;0;0;0;0;0;0;0;0;0;0;0;0;0;0;0;0;0;0;0;0;0;0;0;0;0;0;0;0;0;0;0;0;0;0;0
0;0;0;0;0;-9;0;-1;6;1;-6;0;-1;12;1;0;0;0;0;0;0;0;0;0;0;0;0;0;0;0;-4;4444;120104132133.01341;1266;3;0;0;0;0;0;0;0;0;0;0;0;0;0;0;0
0;0;0;0;0;-11;0;-1;66;2;0;0;0;0;0;0;0;0;0;0;0;0;0;0;0;0;0;0;0;0;-4;44;1.3813914014113813e+29;66666;5;0;0;0;0;0;0;0;0;0;0;0;0;0;0;0
0;0;0;0;0;-4;0;-1;6;1;-6;0;-1;6;1;0;0;0;0;0;0;0;0;0;0;0;0;0;0;0;0;0;0;0;0;0;0;0;0;0;0;0;0;0;0;0;0;0;0;0
0;0;0;0;0;-4;0;-1;6;1;-6;0;-1;6;1;0;0;0;0;0;0;0;0;0;0;0;0;0;0;0;0;0;0;0;0;0;0;0;0;0;0;0;0;0;0;0;0;0;0;0
0;0;0;0;0;-4;0;-1;2;1;-6;0;-1;2;1;0;0;0;0;0;0;0;0;0;0;0;0;0;0;0;0;0;0;0;0;0;0;0;0;0;0;0;0;0;0;-4;0;100;2;1
0;0;0;0;0;-4;0;-1;6;1;-10;0;-1;6;1;0;0;0;0;0;0;0;0;0;0;0;0;0;0;0;-4;4444;147148149150151.0;6;1;0;0;0;0;0;0;0;0;0;0;0;0;0;0;0
0;0;0;0;0;-9;0;-1;2;1;-6;0;-1;2;1;0;0;0;0;0;0;0;0;0;0;0;0;0;0;0;0;0;0;0;0;0;0;0;0;0;0;0;0;0;0;0;0;0;0;0
0;0;0;0;0;0;0;0;0;0;-6;0;-1;7;1;0;0;0;0;0;0;0;0;0;0;0;0;0;0;0;-4;0;104;7;1;0;0;0;0;0;0;0;0;0;0;-4;0;100;9;1
0;0;0;0;0;0;0;0;0;0;0;0;0;0;0;-4;0;102;6;1;0;0;0;0;0;0;0;0;0;0;0;0;0;0;0;0;0;0;0;0;0;0;0;0;0;-4;0;100;6;1
0;0;0;0;0;-4;0;-1;6;1;-6;0;-1;6;1;0;0;0;0;0;0;0;0;0;0;0;0;0;0;0;-4;0;154;6;1;0;0;0;0;0;0;0;0;0;0;0;0;0;0;0
0;0;0;0;0;-4;0;-1;2;1;-6;0;-1;2;1;0;0;0;0;0;0;0;0;0;0;0;0;0;0;0;0;0;0;0;0;0;0;0;0;0;0;0;0;0;0;0;0;0;0;0
0;0;0;0;0;-4;0;-1;6;1;-6;0;-1;6;1;0;0;0;0;0;0;0;0;0;0;0;0;0;0;0;-4;4;104155;6;1;0;0;0;0;0;0;0;0;0;0;0;0;0;0;0
0;0;0;0;0;0;0;0;0;0;0;0;0;0;0;0;0;0;0;0;0;0;0;0;0;0;0;0;0;0;0;0;0;0;0;0;0;0;0;0;0;0;0;6;1;0;0;0;0;0
0;0;0;0;0;0;0;0;0;0;0;0;0;0;0;0;0;0;0;0;0;0;0;0;0;0;0;0;0;0;0;0;0;0;0;0;0;0;0;0;0;0;0;0;0;-4;0;100;6;1
0;0;0;0;0;-6;0;-1;6;1;0;0;0;0;0;0;0;0;0;0;0;0;0;0;0;0;0;0;0;0;0;0;0;0;0;0;0;0;0;0;0;0;0;0;0;-4;0;100;6;1
0;0;0;0;0;0;0;0;0;0;0;0;0;0;0;0;0;0;0;0;0;0;0;0;0;0;0;0;0;0;0;0;0;0;0;0;0;0;0;0;0;0;0;6;1;0;0;0;0;0
0;0;0;0;0;0;0;0;0;0;0;0;0;0;0;0;0;0;0;0;0;0;0;0;0;0;0;0;0;0;0;0;0;0;0;0;0;0;0;0;0;0;0;0;0;-4;0;100;6;1
0;0;0;0;0;-4;0;-1;7;1;-6;0;-1;7;1;0;0;0;0;0;0;0;0;0;0;0;0;0;0;0;0;0;0;0;0;0;0;0;0;0;0;0;0;0;0;0;0;0;0;0
0;0;0;0;0;-4;0;-1;7;1;-6;0;-1;7;1;0;0;0;0;0;0;0;0;0;0;0;0;0;0;0;0;0;0;0;0;0;0;0;0;0;0;0;0;0;0;-4;0;100;7;1
0;0;0;0;0;-4;0;-1;6;1;-6;0;-1;6;1;0;0;0;0;0;0;0;0;0;0;0;0;0;0;0;0;0;0;0;0;0;0;0;0;0;0;0;0;0;0;0;0;0;0;0
0;0;0;0;0;-4;0;-1;6;1;0;0;0;0;0;0;0;0;0;0;0;0;0;0;0;0;0;0;0;0;-4;44;105159115;66;2;0;0;0;0;0;0;0;0;0;0;0;0;0;0;0
0;0;0;0;0;0;0;0;0;0;0;0;0;0;0;0;0;0;0;0;0;0;0;0;0;0;0;0;0;0;-4;44;160159106;6;1;0;0;0;0;0;0;0;0;0;0;0;0;0;0;0
0;0;0;0;0;0;0;0;0;0;-6;0;-1;6;1;0;0;0;0;0;0;0;0;0;0;0;0;0;0;0;-4;4;104161;6;1;0;0;0;0;0;0;0;0;0;0;0;0;0;0;0
0;0;0;0;0;0;0;0;0;0;0;0;0;0;0;0;0;0;0;0;0;0;0;0;0;0;0;0;0;0;-4;444;105162163164.0;6;1;0;0;0;0;0;0;0;0;0;0;0;0;0;0;0
0;0;0;0;0;0;0;0;0;0;-6;0;-1;6;1;0;0;0;0;0;0;0;0;0;0;0;0;0;0;0;-4;4;104165;6;1;0;0;0;0;0;0;0;0;0;0;0;0;0;0;0
0;0;0;0;0;0;0;0;0;0;0;0;0;0;0;0;0;0;0;0;0;0;0;0;0;0;0;0;0;0;-4;444;105166167149.0;6;1;0;0;0;0;0;0;0;0;0;0;0;0;0;0;0
-6;0;-1;7;1;0;0;0;0;0;0;0;0;0;0;0;0;0;0;0;0;0;0;0;0;0;0;0;0;0;-4;4;168104;7;1;0;0;0;0;0;0;0;0;0;0;0;0;0;0;0
-6;0;-1;7;1;0;0;0;0;0;0;0;0;0;0;0;0;0;0;0;0;0;0;0;0;0;0;0;0;0;-4;4;168104;7;1;0;0;0;0;0;0;0;0;0;0;0;0;0;0;0
-6;-6;-11;7;1;0;0;0;0;0;0;0;0;0;0;0;0;0;0;0;0;0;0;0;0;0;0;0;0;0;-4;4;160169;7;1;0;0;0;0;0;0;0;0;0;0;0;0;0;0;0
-6;-6;-11;7;1;0;0;0;0;0;0;0;0;0;0;0;0;0;0;0;0;0;0;0;0;0;0;0;0;0;-4;4;170171;7;1;0;0;0;0;0;0;0;0;0;0;0;0;0;0;0
-6;-6;-11;7;1;0;0;0;0;0;0;0;0;0;0;0;0;0;0;0;0;0;0;0;0;0;0;0;0;0;-4;4;172171;7;1;0;0;0;0;0;0;0;0;0;0;0;0;0;0;0
0;0;0;0;0;-9;0;-1;2;1;-6;0;-1;2;1;0;0;0;0;0;0;0;0;0;0;0;0;0;0;0;0;0;0;0;0;0;0;0;0;0;0;0;0;0;0;0;0;0;0;0
0;0;0;0;0;0;0;0;0;0;0;0;0;0;0;0;0;0;0;0;0;0;0;0;0;0;0;0;0;0;-4;0;173;7;1;0;0;0;0;0;0;0;0;0;0;-4;0;100;7;1
0;0;0;0;0;-4;0;-1;2;1;-6;0;-1;2;1;0;0;0;0;0;0;0;0;0;0;0;0;0;0;0;-4;4;177;2;1;0;0;0;0;0;0;0;0;0;0;0;0;0;0;0
0;0;0;0;0;0;0;0;0;0;0;0;0;0;0;0;0;0;0;0;0;0;0;0;0;0;0;0;0;0;-4;44444;172148151124.0;7;1;0;0;0;0;0;0;0;0;0;0;-4;0;100;7;1
0;0;0;0;0;0;0;0;0;0;-6;0;-1;6;1;0;0;0;0;0;0;0;0;0;0;0;0;0;0;0;0;0;0;0;0;0;0;0;0;0;0;0;0;0;0;0;0;0;0;0
0;0;0;0;0;0;0;0;0;0;-6;0;-1;6;1;0;0;0;0;0;0;0;0;0;0;0;0;0;0;0;0;0;0;0;0;0;0;0;0;0;0;0;0;0;0;0;0;0;0;0
0;0;0;0;0;-4;0;-1;66;2;-10;0;-1;6;1;0;0;0;0;0;0;0;0;0;0;0;0;0;0;0;-4;4;149104;6;1;0;0;0;0;0;0;0;0;0;0;0;0;0;0;0
0;0;0;0;0;0;0;0;0;0;0;0;0;0;0;0;0;0;0;0;0;0;0;0;0;0;0;0;0;0;-4;4;160179;6;1;0;0;0;0;0;0;0;0;0;0;0;0;0;0;0
0;0;0;0;0;0;0;0;0;0;0;0;0;0;0;0;0;0;0;0;0;0;0;0;0;0;0;0;0;0;-4;4;160180;6;1;0;0;0;0;0;0;0;0;0;0;0;0;0;0;0
0;0;0;0;0;-4;0;-1;66;2;-10;0;-1;6;1;0;0;0;0;0;0;0;0;0;0;0;0;0;0;0;-4;44444;181182104182107.03;66;2;0;0;0;0;0;0;0;0;0;0;0;0;0;0;0
0;0;0;0;0;0;0;0;0;0;-6;0;-1;6;1;0;0;0;0;0;0;0;0;0;0;0;0;0;0;0;-4;4444;181182104182183.0;6;1;0;0;0;0;0;0;0;0;0;0;0;0;0;0;0
0;0;0;0;0;0;0;0;0;0;0;0;0;0;0;0;0;0;0;0;0;0;0;0;0;0;0;0;0;0;-4;4;170184;6;1;0;0;0;0;0;0;0;0;0;0;0;0;0;0;0
0;0;0;0;0;0;0;0;0;0;0;0;0;0;0;0;0;0;0;0;0;0;0;0;0;0;0;0;0;0;-4;4;170185;6;1;0;0;0;0;0;0;0;0;0;0;0;0;0;0;0
0;0;0;0;0;-4;0;-1;6;1;-6;0;-1;6;1;0;0;0;0;0;0;0;0;0;0;0;0;0;0;0;0;0;0;0;0;0;0;0;0;0;0;0;0;0;0;0;0;0;0;0
0;0;0;0;0;0;0;0;0;0;-6;0;-1;6;1;0;0;0;0;0;0;0;0;0;0;0;0;0;0;0;-4;0;161;6;1;0;0;0;0;0;0;0;0;0;0;0;0;0;0;0
0;0;0;0;0;0;0;0;0;0;0;0;0;0;0;0;0;0;0;0;0;0;0;0;0;0;0;0;0;0;-4;44;172184143;6;1;0;0;0;0;0;0;0;0;0;0;0;0;0;0;0
0;0;0;0;0;0;0;0;0;0;0;0;0;0;0;0;0;0;0;0;0;0;0;0;0;0;0;0;0;0;-4;4;172185;2;1;0;0;0;0;0;0;0;0;0;0;0;0;0;0;0
0;0;0;0;0;-4;0;-1;6;1;-6;0;-1;6;1;0;0;0;0;0;0;0;0;0;0;0;0;0;0;0;0;0;0;0;0;0;0;0;0;0;0;0;0;0;0;0;0;0;0;0
0;0;0;0;0;0;0;0;0;0;0;0;0;0;0;0;0;0;0;0;0;0;0;0;0;0;0;0;0;0;-4;44;187188189187.0;66;2;0;0;0;0;0;0;0;0;0;0;0;0;0;0;0
0;0;0;0;0;0;0;0;0;0;-2;0;-1;12;1;0;0;0;0;0;0;0;0;0;0;0;0;0;0;0;-4;4;191192;12;1;0;0;0;0;0;0;0;0;0;0;0;0;0;0;0
0;0;0;0;0;-6;0;-1;6;1;0;0;0;0;0;0;0;0;0;0;0;0;0;0;0;0;0;0;0;0;0;0;0;0;0;0;0;0;0;0;0;0;0;0;0;0;0;0;0;0
0;0;0;0;0;-7;0;-1;12;1;0;0;0;0;0;0;0;0;0;0;0;0;0;0;0;0;0;0;0;0;0;0;0;0;0;0;0;0;0;0;0;0;0;0;0;0;0;0;0;0
0;0;0;0;0;0;0;0;0;0;-6;0;-1;7;1;0;0;0;0;0;0;0;0;0;0;0;0;0;0;0;0;0;0;0;0;0;0;0;0;0;0;0;0;0;0;-4;0;100;7;1
0;0;0;0;0;0;0;0;0;0;0;0;0;0;0;0;0;0;0;0;0;0;0;0;0;0;0;0;0;0;-4;44;194154;6;1;0;0;0;0;0;0;0;0;0;0;0;0;0;0;0
0;0;0;0;0;0;0;0;0;0;0;0;0;0;0;0;0;0;0;0;0;0;0;0;0;0;0;0;0;0;0;0;0;0;0;0;0;0;0;0;0;0;0;6;1;0;0;0;0;0
0;0;0;0;0;0;0;0;0;0;-6;0;-1;6;1;0;0;0;0;0;0;0;0;0;0;0;0;0;0;0;0;0;0;0;0;0;0;0;0;0;0;0;0;0;0;-4;0;100;6;1
0;0;0;0;0;0;0;0;0;0;-6;0;-1;6;1;0;0;0;0;0;0;0;0;0;0;0;0;0;0;0;0;0;0;0;0;0;0;0;0;0;0;0;0;0;0;-4;0;100;6;1
0;0;0;0;0;0;0;0;0;0;-6;0;-1;7;1;0;0;0;0;0;0;0;0;0;0;0;0;0;0;0;4;0;1195;77;2;0;0;0;0;0;0;0;0;0;0;0;0;0;0;0
0;0;0;0;0;0;0;0;0;0;-6;0;-1;13;1;0;0;0;0;0;0;0;0;0;0;0;0;0;0;0;0;0;0;0;0;0;0;0;0;0;0;0;0;0;0;0;0;0;0;0
0;0;0;0;0;-6;0;-1;6;1;0;0;0;0;0;0;0;0;0;0;0;0;0;0;0;0;0;0;0;0;0;0;0;0;0;0;0;0;0;0;0;0;0;0;0;0;0;0;0;0
0;0;0;0;0;0;0;0;0;0;-6;0;-1;7;1;0;0;0;0;0;0;0;0;0;0;0;0;0;0;0;0;0;0;0;0;0;0;0;0;0;0;0;0;0;0;0;0;0;0;0
0;0;0;0;0;0;0;0;0;0;0;0;0;0;0;0;0;0;0;0;0;0;0;0;0;0;0;0;0;0;-4;44;196154;6;1;0;0;0;0;0;0;0;0;0;0;0;0;0;0;0
0;0;0;0;0;0;0;0;0;0;0;0;0;0;0;0;0;0;0;0;0;0;0;0;0;0;0;0;0;0;0;0;0;0;0;0;0;0;0;0;0;0;0;6;1;0;0;0;0;0
0;0;0;0;0;0;0;0;0;0;-6;0;-1;7;1;0;0;0;0;0;0;0;0;0;0;0;0;0;0;0;0;0;0;0;0;0;0;0;0;0;0;0;0;0;0;-4;0;100;7;1
0;0;0;0;0;0;0;0;0;0;-6;0;-1;6;1;0;0;0;0;0;0;0;0;0;0;0;0;0;0;0;0;0;0;0;0;0;0;0;0;0;0;0;0;0;0;-4;0;100;6;1
0;0;0;0;0;0;0;0;0;0;0;0;0;0;0;0;0;0;0;0;-4;0;104;7;1;0;0;0;0;0;-4;4444;198106199124.0;7;1;0;0;0;0;0;0;0;0;0;0;0;0;0;0;0
0;0;0;0;0;0;0;0;0;0;0;0;0;0;0;0;0;0;0;0;0;0;0;0;0;0;0;0;0;0;-4;0;196200201;66;2;0;0;0;0;0;0;0;0;0;0;0;0;0;0;0
0;0;0;0;0;0;0;0;0;0;-10;0;-1;6;1;0;0;0;0;0;0;0;0;0;0;0;0;0;0;0;-4;44;202203155;6;1;0;0;0;0;0;0;0;0;0;0;0;0;0;0;0
0;0;0;0;0;0;0;0;0;0;-6;0;-1;7;1;0;0;0;0;0;0;0;0;0;0;0;0;0;0;0;4;0;1204104;77;2;0;0;0;0;0;0;0;0;0;0;0;0;0;0;0
-13;-10;-11;7;1;-4;0;-1;6;1;0;0;0;0;0;0;0;0;0;0;0;0;0;0;0;0;0;0;0;0;-4;444;205206207110.01343;76;2;0;0;0;0;0;0;0;0;0;0;0;0;0;0;0
0;0;0;0;0;0;0;0;0;0;0;0;0;0;0;0;0;0;0;0;0;0;0;0;0;0;0;0;0;0;-4;44444;198209210211212.0;6662;4;0;0;0;0;0;0;0;0;0;0;-4;0;100;6;1
0;-10;-11;7;1;-4;0;-1;7;1;0;0;0;0;0;0;0;0;0;0;0;0;0;0;0;0;0;0;0;0;-4;44444;198209210211217.0;66;2;0;0;0;0;0;0;0;0;0;0;0;0;0;0;0
0;0;0;0;0;0;0;0;0;0;-6;0;-1;7;1;0;0;0;0;0;0;0;0;0;0;0;0;0;0;0;-4;4;195218;7;1;0;0;0;0;0;0;0;0;0;0;0;0;0;0;0
0;0;0;0;0;0;0;0;0;0;-6;0;-1;7;1;0;0;0;0;0;0;0;0;0;0;0;0;0;0;0;-4;4;204104;7;1;0;0;0;0;0;0;0;0;0;0;0;0;0;0;0
0;0;0;0;0;0;0;0;0;0;0;0;0;0;0;0;0;0;0;0;0;0;0;0;0;0;0;0;0;0;-4;444;195204115;6;1;0;0;0;0;0;0;0;0;0;0;0;0;0;0;0
0;0;0;0;0;0;0;0;0;0;0;0;0;0;0;0;0;0;0;0;0;0;0;0;0;0;0;0;0;0;-4;444;198106107;6;1;0;0;0;0;0;0;0;0;0;0;0;0;0;0;0
0;0;-1;7;1;0;0;0;0;0;0;0;0;0;0;0;0;0;0;0;0;0;0;0;0;0;0;0;0;0;-4;44;196194;7;1;0;0;0;0;0;0;0;0;0;0;0;0;0;0;0
0;0;0;0;0;0;0;0;0;0;0;0;0;0;0;0;0;0;0;0;0;0;0;0;0;0;0;0;0;0;0;0;0;0;0;0;0;0;0;0;0;0;0;0;0;-4;0;100;6;1
0;0;0;0;0;0;0;0;0;0;0;0;0;0;0;0;0;0;0;0;0;0;0;0;0;0;0;0;0;0;-4;444;162164162198.0;6;1;0;0;0;0;0;0;0;0;0;0;0;0;0;0;0
0;0;0;0;0;0;0;0;0;0;0;0;0;0;0;0;0;0;0;0;0;0;0;0;0;0;0;0;0;0;-4;44;220221;6;1;0;0;0;0;0;0;0;0;0;0;0;0;0;0;0
-10;0;-1;13;1;0;0;0;0;0;0;0;0;0;0;0;0;0;0;0;0;0;0;0;0;0;0;0;0;0;-4;444;222199223198.0;136;2;0;0;0;0;0;0;0;0;0;0;0;0;0;0;0
0;0;0;0;0;0;0;0;0;0;0;0;0;0;0;0;0;0;0;0;0;0;0;0;0;0;0;0;0;0;0;0;0;0;0;0;0;0;0;0;0;0;0;0;0;-4;0;100;14;1
0;0;0;0;0;0;0;0;0;0;0;0;0;0;0;0;0;0;0;0;0;0;0;0;0;0;0;0;0;0;-4;4444;204195105;6;1;0;0;0;0;0;0;0;0;0;0;0;0;0;0;0
0;0;0;0;0;0;0;0;0;0;-6;0;-1;6;1;0;0;0;0;0;0;0;0;0;0;0;0;0;0;0;0;0;0;0;0;0;0;0;0;0;0;0;0;0;0;0;0;0;0;0
0;0;0;0;0;0;0;0;0;0;-6;0;-1;6;1;0;0;0;0;0;0;0;0;0;0;0;0;0;0;0;-4;0;104;6;1;0;0;0;0;0;0;0;0;0;0;0;0;0;0;0
0;0;0;0;0;0;0;0;0;0;0;0;0;0;0;0;0;0;0;0;0;0;0;0;0;0;0;0;0;0;-4;0;225;6;1;0;0;0;0;0;0;0;0;0;0;0;0;0;0;0
0;0;0;0;0;0;0;0;0;0;0;0;0;0;0;0;0;0;0;0;0;0;0;0;0;0;0;0;0;0;-4;4;105226;6;1;0;0;0;0;0;0;0;0;0;0;0;0;0;0;0
0;0;0;0;0;0;0;0;0;0;-6;0;-1;6;1;0;0;0;0;0;0;0;0;0;0;0;0;0;0;0;-4;44;227228104;6;1;0;0;0;0;0;0;0;0;0;0;0;0;0;0;0
0;0;0;0;0;0;0;0;0;0;0;0;0;0;0;0;0;0;0;0;0;0;0;0;0;0;0;0;0;0;-4;4;225229;6;1;0;0;0;0;0;0;0;0;0;0;0;0;0;0;0
0;0;0;0;0;0;0;0;0;0;0;0;0;0;0;0;0;0;0;0;0;0;0;0;0;0;0;0;0;0;-4;4;105230;6;1;0;0;0;0;0;0;0;0;0;0;0;0;0;0;0
0;0;0;0;0;0;0;0;0;0;0;0;0;0;0;0;0;0;0;0;0;0;0;0;0;0;0;0;0;0;-4;44;227231104;15;1;0;0;0;0;0;0;0;0;0;0;0;0;0;0;0
0;0;0;0;0;-2;0;-1;7;1;0;0;0;0;0;0;0;0;0;0;0;0;0;0;0;0;0;0;0;0;-4;444444;1.0e+INF;776;3;0;0;0;0;0;0;0;0;0;0;0;0;0;0;0
0;0;0;0;0;-4;0;-1;17;1;0;0;0;0;0;0;0;0;0;0;0;0;0;0;0;0;0;0;0;0;0;0;0;0;0;0;0;0;0;0;0;0;0;16;1;0;0;0;0;0
0;0;0;0;0;0;0;0;0;0;0;0;0;0;0;0;0;0;0;0;0;0;0;0;0;0;0;0;0;0;0;0;0;0;0;0;0;0;0;0;0;0;0;7;1;0;0;0;0;0
0;0;0;0;0;0;0;0;0;0;0;0;0;0;0;0;0;0;0;0;0;0;0;0;0;0;0;0;0;0;0;0;0;0;0;0;0;0;0;0;0;0;0;6;1;0;0;0;0;0
0;0;0;0;0;0;0;0;0;0;-10;0;-1;7;1;0;0;0;0;0;0;0;0;0;0;0;0;0;0;0;-4;44;237165104;6;1;0;0;0;0;0;0;0;0;0;0;0;0;0;0;0
0;0;0;0;0;-7;0;-1;6;1;-6;0;-1;6;1;0;0;0;0;0;0;0;0;0;0;0;0;0;0;0;-4;44444444;1.1323711023810424e+20;6;1;0;0;0;0;0;0;0;0;0;0;0;0;0;0;0
0;0;0;0;0;-4;0;-1;6;1;0;0;0;0;0;0;0;0;0;0;0;0;0;0;0;0;0;0;0;0;-4;4;170160;6;1;0;0;0;0;0;0;0;0;0;0;0;0;0;0;0
0;0;0;0;0;0;0;0;0;0;0;0;0;0;0;-4;-4;108109;6;1;0;0;0;0;0;0;0;0;0;0;0;0;0;0;0;0;0;0;0;0;0;0;0;0;0;-4;0;100;6;1
0;0;0;0;0;0;0;0;0;0;0;0;0;0;0;0;0;0;0;0;0;0;0;0;0;0;0;0;0;0;0;0;0;0;0;0;0;0;0;0;0;0;0;6;1;0;0;0;0;0
0;0;0;0;0;0;0;0;0;0;0;0;0;0;0;0;0;0;0;0;0;0;0;0;0;0;0;0;0;0;0;0;0;0;0;0;0;0;0;0;0;0;0;6;1;0;0;0;0;0
0;0;0;0;0;0;0;0;0;0;0;0;0;0;0;0;0;0;0;0;0;0;0;0;0;0;0;0;0;0;-4;4;241109;6;1;0;0;0;0;0;0;0;0;0;0;0;0;0;0;0
0;0;0;0;0;0;0;0;0;0;0;0;0;0;0;0;0;0;0;0;0;0;0;0;0;0;0;0;0;0;-4;0;242;6;1;0;0;0;0;0;0;0;0;0;0;0;0;0;0;0
0;0;0;0;0;0;0;0;0;0;0;0;0;0;0;0;0;0;0;0;0;0;0;0;0;0;0;0;0;0;-4;0;242;6;1;0;0;0;0;0;0;0;0;0;0;0;0;0;0;0
0;0;0;0;0;0;0;0;0;0;0;0;0;0;0;0;0;0;0;0;0;0;0;0;0;0;0;0;0;0;-4;0;242;6;1;0;0;0;0;0;0;0;0;0;0;0;0;0;0;0
0;0;0;0;0;0;0;0;0;0;-6;0;-1;6;1;0;0;0;0;0;0;0;0;0;0;0;0;0;0;0;-4;444;242161104;6;1;0;0;0;0;0;0;0;0;0;0;0;0;0;0;0
-6;0;-1;18;1;0;0;0;0;0;0;0;0;0;0;0;0;0;0;0;0;0;0;0;0;0;0;0;0;0;-4;44444;105243244164241.0;18;1;0;0;0;0;0;0;0;0;0;0;0;0;0;0;0
0;0;0;0;0;0;0;0;0;0;0;0;0;0;0;0;0;0;0;0;0;0;0;0;0;0;0;0;0;0;0;0;0;0;0;0;0;0;0;0;0;0;0;0;0;-4;0;100;19;1
0;0;0;0;0;0;0;0;0;0;0;0;0;0;0;0;0;0;0;0;0;0;0;0;0;0;0;0;0;0;-4;44;109246247;19;1;0;0;0;0;0;0;0;0;0;0;0;0;0;0;0
0;0;0;0;0;-6;0;-1;20;1;0;0;0;0;0;0;0;0;0;0;0;0;0;0;0;0;0;0;0;0;0;0;0;0;0;0;0;0;0;0;0;0;0;0;0;-4;0;100;20;1
-6;-6;-11;20;1;0;0;0;0;0;0;0;0;0;0;0;0;0;0;0;0;0;0;0;0;0;0;0;0;0;-4;44;109246249;20;1;0;0;0;0;0;0;0;0;0;0;0;0;0;0;0
0;0;0;0;0;0;0;0;0;0;-6;0;-1;7;1;0;0;0;0;0;0;0;0;0;0;0;0;0;0;0;-4;444;247249104;7;1;0;0;0;0;0;0;0;0;0;0;0;0;0;0;0
-6;0;-1;7;1;0;0;0;0;0;0;0;0;0;0;0;0;0;0;0;0;0;0;0;0;0;0;0;0;0;-4;444;198243250;7;1;0;0;0;0;0;0;0;0;0;0;0;0;0;0;0
-6;0;-1;7;1;0;0;0;0;0;0;0;0;0;0;0;0;0;0;0;0;0;0;0;0;0;0;0;0;0;-4;4444;198243128129.0;7;1;0;0;0;0;0;0;0;0;0;0;0;0;0;0;0
-6;0;-1;18;1;0;0;0;0;0;-6;0;-1;18;1;0;0;0;0;0;0;0;0;0;0;0;0;0;0;0;-4;4444;227246241104.0;18;1;0;0;0;0;0;0;0;0;0;0;0;0;0;0;0
0;0;0;0;0;-4;0;-1;1719;2;-10;0;-1;17;1;0;0;0;0;0;0;0;0;0;0;0;0;0;0;0;-4;0;247131;1719;2;8;80;11;1717;2;0;0;0;0;0;-4;0;100;17;1
0;0;0;0;0;0;0;0;0;0;0;0;0;0;0;-4;0;110110111;222;3;0;0;0;0;0;0;0;0;0;0;0;0;0;0;0;8;0;1;2;1;0;0;0;0;0;-4;0;100;2;1
0;0;0;0;0;-9;0;-1;77;2;-10;0;-1;7;1;0;0;0;0;0;0;0;0;0;0;-4;0;0;7;1;-4;4;149;7;1;0;0;0;0;0;0;0;0;0;0;-4;0;100100;77;2
0;0;0;0;0;-15;0;-1;17177;3;-10;0;-1;17;1;0;0;0;0;0;0;0;0;0;0;-4;0;112;7;1;-4;44;149187247;1717;2;8;8080;111;17177;3;0;0;0;0;0;-4;0;100;17;1
0;0;0;0;0;-11;0;-1;66;2;-10;0;-1;6;1;0;0;0;0;0;0;0;0;0;0;0;0;0;0;0;-4;0;149155238;666;3;0;0;0;0;0;0;0;0;0;0;0;0;0;0;0
0;0;0;0;0;0;0;0;0;0;-10;0;-1;7;1;0;0;0;0;0;0;0;0;0;0;0;0;0;0;0;-4;444444;1.3524710412413614e+17;6;1;0;0;0;0;0;0;0;0;0;0;-4;0;100;6;1
0;0;0;0;0;0;0;0;0;0;-10;0;-1;7;1;0;0;0;0;0;0;0;0;0;0;0;0;0;0;0;-4;4444444;1.0e+INF;76;2;0;0;0;0;0;0;0;0;0;0;0;0;0;0;0
0;0;0;0;0;0;0;0;0;0;0;0;0;0;0;0;0;0;0;0;-4;-4;113;7;1;0;0;0;0;0;-4;4;160138;7;1;0;0;0;0;0;0;0;0;0;0;0;0;0;0;0
0;0;-1;7;1;0;0;0;0;0;0;0;0;0;0;0;0;0;0;0;0;0;0;0;0;0;0;0;0;0;-4;4;172140;7;1;0;0;0;0;0;0;0;0;0;0;0;0;0;0;0
0;0;0;0;0;0;0;0;0;0;0;0;0;0;0;0;0;0;0;0;-4;-4;113;7;1;0;0;0;0;0;-4;4;141138;7;1;0;0;0;0;0;0;0;0;0;0;0;0;0;0;0
-6;-6;-11;7;1;0;0;0;0;0;0;0;0;0;0;-4;-4;110110;7;1;0;0;0;0;0;0;0;0;0;0;-4;444;142142;7;1;8;0;1;7;1;0;0;0;0;0;0;0;0;0;0
-6;-6;-11;7;1;0;0;0;0;0;0;0;0;0;0;-4;-4;114114;7;1;0;0;0;0;0;0;0;0;0;0;-4;444;142143144145.0;7;1;0;0;0;0;0;0;0;0;0;0;0;0;0;0;0
0;0;0;0;0;0;0;0;0;0;0;0;0;0;0;-4;-4;110110;6;1;0;0;0;0;0;0;0;0;0;0;0;0;0;0;0;8;0;1;6;1;0;0;0;0;0;0;0;0;0;0
0;0;0;0;0;0;0;0;0;0;0;0;0;0;0;0;0;0;0;0;0;0;0;0;0;0;0;0;0;0;-4;0;117;6;1;0;0;0;0;0;0;0;0;0;0;0;0;0;0;0
0;0;0;0;0;-11;0;-1;1717;2;-10;0;-1;17;1;0;0;0;0;0;0;0;0;0;0;0;0;0;0;0;0;0;0;0;0;0;0;0;0;0;0;0;0;17;1;0;0;0;0;0
0;0;0;0;0;-6;0;-1;7;1;0;0;0;0;0;0;0;0;0;0;0;0;0;0;0;0;0;0;0;0;0;0;0;0;0;0;0;0;0;0;0;0;0;0;0;0;0;0;0;0
0;0;0;0;0;-2;0;-1;6;1;-6;0;-1;19;1;0;0;0;0;0;0;0;0;0;0;0;0;0;0;0;-4;0;143147;619;2;0;0;0;0;0;0;0;0;0;0;0;0;0;0;0
0;0;0;0;0;-6;0;-1;2;1;0;0;0;0;0;0;0;0;0;0;0;0;0;0;0;0;0;0;0;0;-4;44;148147129;2;1;0;0;0;0;0;0;0;0;0;0;0;0;0;0;0
0;0;0;0;0;-10;0;-1;7;1;0;0;0;0;0;0;0;0;0;0;-4;-4;115;7;1;0;0;0;0;0;-4;0;150;7;1;8;80;11;77;2;0;0;0;0;0;-4;0;100;17;1
0;0;0;0;0;0;0;0;0;0;0;0;0;0;0;0;0;0;0;0;0;0;0;0;0;0;0;0;0;0;0;0;0;0;0;0;0;0;0;0;0;0;0;6;1;0;0;0;0;0
0;0;0;0;0;0;0;0;0;0;-10;0;-1;6;1;0;0;0;0;0;0;0;0;0;0;0;0;0;0;0;-4;4;1.511522431531521e+20;66;2;0;0;0;0;0;0;0;0;0;0;0;0;0;0;0
0;0;0;0;0;0;0;0;0;0;0;0;0;0;0;0;0;0;0;0;0;0;0;0;0;0;0;0;0;0;-4;4444;154152155165149.0;6;1;0;0;0;0;0;0;0;0;0;0;0;0;0;0;0
0;0;0;0;0;0;0;0;0;0;0;0;0;0;0;0;0;0;0;0;0;0;0;0;0;0;0;0;0;0;-4;44444;1.1115615415616216e+17;6;1;0;0;0;0;0;0;0;0;0;0;0;0;0;0;0
0;0;0;0;0;0;0;0;0;0;0;0;0;0;0;0;0;0;0;0;0;0;0;0;0;0;0;0;0;0;-4;4;105156;6;1;0;0;0;0;0;0;0;0;0;0;0;0;0;0;0
0;0;0;0;0;-4;0;-1;7;1;-10;0;-1;7;1;0;0;0;0;0;0;0;0;0;0;0;0;0;0;0;-4;4444;157158238;2;1;0;0;0;0;0;0;0;0;0;0;0;0;0;0;0
0;0;0;0;0;0;0;0;0;0;0;0;0;0;0;0;0;0;0;0;0;0;0;0;0;0;0;0;0;0;-4;44;156198;6;1;0;0;0;0;0;0;0;0;0;0;0;0;0;0;0
0;0;0;0;0;0;0;0;0;0;-10;0;-1;6;1;0;0;0;0;0;0;0;0;0;0;0;0;0;0;0;-4;44444444;2.2710515411014915e+23;6;1;0;0;0;0;0;0;0;0;0;0;0;0;0;0;0
0;0;0;0;0;-11;0;-1;6;1;-10;0;-1;7;1;0;0;0;0;0;0;0;0;0;0;0;0;0;0;0;-4;4;241143160;66;2;0;0;0;0;0;0;0;0;0;0;0;0;0;0;0
0;0;-11;7;1;0;0;0;0;0;0;0;0;0;0;0;0;0;0;0;0;0;0;0;0;0;0;0;0;0;-4;0;161160162163.0;76;2;0;0;0;0;0;0;0;0;0;0;0;0;0;0;0
0;0;0;0;0;-4;0;-1;19;1;-6;0;-1;19;1;0;0;0;0;0;0;0;0;0;0;0;0;0;0;0;0;0;0;0;0;0;0;0;0;0;0;0;0;0;0;-4;0;100;19;1
-14;0;-1;18;1;-4;0;-1;66;2;-10;0;-1;18;1;0;0;0;0;0;0;0;0;0;0;0;0;0;0;0;-4;44;241104;6;1;0;0;0;0;0;0;0;0;0;0;0;0;0;0;0
0;0;0;0;0;-4;0;-1;2;1;-6;0;-1;2;1;0;0;0;0;0;0;0;0;0;0;0;0;0;0;0;-4;44;164163;2;1;0;0;0;0;0;0;0;0;0;0;0;0;0;0;0
0;0;0;0;0;0;0;0;0;0;-6;0;-1;7;1;0;0;0;0;0;0;0;0;0;0;0;0;0;0;0;0;0;0;0;0;0;0;0;0;0;0;0;0;0;0;0;0;0;0;0
0;0;0;0;0;-4;0;-1;6;1;-6;0;-1;6;1;0;0;0;0;0;0;0;0;0;0;0;0;0;0;0;-4;44;202165;6;1;0;0;0;0;0;0;0;0;0;0;0;0;0;0;0
0;0;0;0;0;-9;0;-1;21;1;-10;0;-1;6;1;0;0;0;0;0;0;0;0;0;0;0;0;0;0;0;-4;4444;155155157155.0;621;2;0;0;0;0;0;0;0;0;0;0;-4;0;100;21;1
0;0;0;0;0;0;0;0;0;0;0;0;0;0;0;0;0;0;0;0;0;0;0;0;0;0;0;0;0;0;-4;4;167;2;1;0;0;0;0;0;0;0;0;0;0;0;0;0;0;0
0;0;0;0;0;0;0;0;0;0;0;0;0;0;0;0;0;0;0;0;0;0;0;0;0;0;0;0;0;0;-4;4;168173;6;1;0;0;0;0;0;0;0;0;0;0;0;0;0;0;0
0;0;0;0;0;0;0;0;0;0;0;0;0;0;0;0;0;0;0;0;0;0;0;0;0;0;0;0;0;0;-4;44;168124;7;1;0;0;0;0;0;0;0;0;0;0;0;0;0;0;0
0;0;0;0;0;0;0;0;0;0;0;0;0;0;0;0;0;0;0;0;0;0;0;0;0;0;0;0;0;0;-4;44;169168;6;1;0;0;0;0;0;0;0;0;0;0;0;0;0;0;0
0;0;0;0;0;-11;0;-1;6;1;-10;0;-1;7;1;0;0;0;0;0;0;0;0;0;0;-4;0;118;7;1;-4;44444;147202124170.0171;76;2;0;0;0;0;0;0;0;0;0;0;0;0;0;0;0
0;0;0;0;0;0;0;0;0;0;0;0;0;0;0;0;0;0;0;0;0;0;0;0;0;0;0;0;0;0;-4;4;147;6;1;0;0;0;0;0;0;0;0;0;0;0;0;0;0;0
0;0;0;0;0;-9;0;-1;7;1;0;0;0;0;0;0;0;0;0;0;0;0;0;0;0;0;0;0;0;0;-4;4444;109172105173174.02;77;2;0;0;0;0;0;0;0;0;0;0;0;0;0;0;0
0;-13;-111;7;1;0;0;0;0;0;0;0;0;0;0;-4;-4;108109;7;1;0;0;0;0;0;0;0;0;0;0;-4;44;175176175;6;1;0;0;0;0;0;0;0;0;0;0;0;0;0;0;0
-6;0;-1;18;1;0;0;0;0;0;0;0;0;0;0;0;0;0;0;0;0;0;0;0;0;0;0;0;0;0;-4;444;198243164;18;1;0;0;0;0;0;0;0;0;0;0;0;0;0;0;0
0;0;0;0;0;0;0;0;0;0;0;0;0;0;0;0;0;0;0;0;0;0;0;0;0;0;0;0;0;0;0;0;0;0;0;0;0;0;0;0;0;0;0;0;0;-4;0;100;6;1
0;0;-1;7;1;-11;0;-1;7;1;-10;0;-1;6;1;0;0;0;0;0;0;0;0;0;0;0;0;0;0;0;-4;4;179143241195.0;677;3;8;0;1;7;1;0;0;0;0;0;0;0;0;0;0
0;0;0;0;0;0;0;0;0;0;0;0;0;0;0;0;0;0;0;0;0;0;0;0;0;0;0;0;0;0;0;0;0;0;0;8;0;1;7;1;0;0;0;0;0;0;0;0;0;0
0;0;0;0;0;-4;0;-1;17;1;-10;0;-1;17;1;0;0;0;0;0;0;0;0;0;0;0;0;0;0;0;-4;444444;1.811121131821122e+20;17;1;8;0;1;17;1;0;0;0;0;0;0;0;0;0;0
0;0;0;0;0;0;0;-1;7222;3;0;0;0;0;0;-4;0;120;2;1;0;0;0;0;0;0;0;0;0;0;-4;0;185186;722;2;8;0;1;2;1;0;0;0;0;0;0;0;0;0;0
0;0;0;0;0;0;0;0;0;0;-6;0;-1;7;1;0;0;0;0;0;0;0;0;0;0;0;0;0;0;0;0;0;0;0;0;0;0;0;0;0;0;0;0;0;0;0;0;0;0;0
0;0;0;0;0;-6;0;-1;6;1;0;0;0;0;0;0;0;0;0;0;0;0;0;0;0;0;0;0;0;0;0;0;0;0;0;0;0;0;0;0;0;0;0;0;0;0;0;0;0;0
0;0;0;0;0;-7;0;-1;66;2;-6;0;-1;66;2;0;0;0;0;0;0;0;0;0;0;0;0;0;0;0;-4;44;133103133;66;2;0;0;0;0;0;0;0;0;0;0;0;0;0;0;0
0;0;0;0;0;0;0;0;0;0;-10;0;-1;6;1;0;0;0;0;0;0;0;0;0;0;0;0;0;0;0;-4;44;102126187;66;2;0;0;0;0;0;0;0;0;0;0;-4;0;100;6;1
0;0;0;0;0;-4;0;-1;676;3;0;0;-1;6;1;0;0;0;0;0;-4;0;109;7;1;0;0;0;0;0;-4;4;1.891901701241602e+47;7766619;6;0;0;0;0;0;0;0;0;0;0;-4;0;100;17;1
0;0;0;0;0;0;0;0;0;0;0;0;0;0;0;-4;0;121;2;1;0;0;0;0;0;0;0;0;0;0;0;0;0;0;0;0;0;0;0;0;0;0;0;0;0;0;0;0;0;0
-6;-6;-11;23;1;0;0;0;0;0;0;0;0;0;0;-4;-4;121121;23;1;0;0;0;0;0;0;0;0;0;0;0;0;0;0;0;0;0;0;0;0;0;0;0;0;0;0;0;0;0;0
-10;-110;-111;24;1;0;0;0;0;0;0;0;0;0;0;-4;0;121;2;1;-4;-4;121121;2424;2;0;0;0;0;0;-4;0;196;2;1;0;0;0;0;0;0;0;0;0;0;0;0;0;0;0
0;0;0;0;0;0;0;0;0;0;0;0;0;0;0;0;0;0;0;0;0;0;0;0;0;0;0;0;0;0;4;0;1;7;1;0;0;0;0;0;0;0;0;0;0;0;0;0;0;0
0;0;0;0;0;0;0;0;0;0;0;0;0;0;0;-4;-4;122122;6;1;-4;0;123;7;1;0;0;0;0;0;-4;0;198;7;1;0;0;0;0;0;0;0;0;0;0;-4;0;100;6;1
0;0;0;0;0;0;0;0;0;0;0;0;0;0;0;0;0;0;0;0;0;0;0;0;0;0;0;0;0;0;-4;4;198196;6;1;0;0;0;0;0;0;0;0;0;0;0;0;0;0;0
0;0;0;0;0;0;0;0;0;0;0;0;0;0;0;-4;0;124121;1212;2;0;0;0;0;0;0;0;0;0;0;-4;4;189107;12;1;0;0;0;0;0;0;0;0;0;0;0;0;0;0;0
0;0;0;0;0;0;0;0;0;0;0;0;0;0;0;-4;-4;121121109;66;2;-4;-44;0;6;1;0;0;0;0;0;-4;4;189199;6;1;0;0;0;0;0;0;0;0;0;0;0;0;0;0;0
0;0;0;0;0;0;0;0;0;0;0;0;0;0;0;0;0;0;0;0;0;0;0;0;0;0;0;0;0;0;0;0;0;0;0;0;0;0;0;0;0;0;0;0;0;-4;0;100;6;1
0;0;0;0;0;0;0;0;0;0;0;0;0;0;0;0;0;0;0;0;0;0;0;0;0;0;0;0;0;0;-4;4;198201;6;1;0;0;0;0;0;0;0;0;0;0;-4;0;100;6;1
0;0;0;0;0;0;0;0;0;0;0;0;0;0;0;-4;0;124;12;1;0;0;0;0;0;0;0;0;0;0;-4;44;111202201;12;1;0;0;0;0;0;0;0;0;0;0;0;0;0;0;0
0;0;0;0;0;0;0;0;0;0;0;0;0;0;0;-4;0;124;12;1;0;0;0;0;0;0;0;0;0;0;-4;44;111203201;12;1;0;0;0;0;0;0;0;0;0;0;0;0;0;0;0
-6;0;-1;12;1;0;0;0;0;0;0;0;0;0;0;0;0;0;0;0;0;0;0;0;0;0;0;0;0;0;-4;4;105201;12;1;0;0;0;0;0;0;0;0;0;0;0;0;0;0;0
-6;0;-1;12;1;0;0;0;0;0;0;0;0;0;0;0;0;0;0;0;0;0;0;0;0;0;0;0;0;0;-4;4;201198;12;1;0;0;0;0;0;0;0;0;0;0;0;0;0;0;0
0;0;0;0;0;0;0;0;0;0;0;0;0;0;0;0;0;0;0;0;0;0;0;0;0;0;0;0;0;0;0;0;0;0;0;0;0;0;0;0;0;0;0;0;0;-4;0;100;12;1
0;0;0;0;0;-4;0;-1;19;1;-10;0;-1;12;1;-4;0;124;12;1;0;0;0;0;0;0;0;0;0;0;-4;444;113205206207.0;1919;2;0;0;0;0;0;0;0;0;0;0;0;0;0;0;0
0;0;0;0;0;0;0;0;0;0;0;0;0;0;0;0;0;0;0;0;-4;-44;121;7;1;0;0;0;0;0;-4;44;168170196;7;1;0;0;0;0;0;0;0;0;0;0;0;0;0;0;0
0;0;0;0;0;0;0;0;0;0;0;0;0;0;0;0;0;0;0;0;-4;-4;121;7;1;0;0;0;0;0;-4;4;185196;7;1;0;0;0;0;0;0;0;0;0;0;0;0;0;0;0
0;-6;-11;7;1;-6;0;-1;7;1;0;0;0;0;0;0;0;0;0;0;-4;-444;125;7;1;0;0;0;0;0;-4;444;242147124;7;1;0;0;0;0;0;0;0;0;0;0;0;0;0;0;0
0;0;0;0;0;0;0;0;0;0;-10;0;-1;7;1;0;0;0;0;0;0;0;0;0;0;0;0;0;0;0;-4;4;2.222082092082422e+17;197;2;0;0;0;0;0;0;0;0;0;0;0;0;0;0;0
0;0;0;0;0;0;0;0;0;0;-10;0;-1;7;1;-4;-4;127114114;1919;2;0;0;0;0;0;-4;0;118;7;1;-4;444444;1.0e+INF;219191919;5;0;0;0;0;0;0;0;0;0;0;0;0;0;0;0
-13;-21;-11;7;1;0;0;0;0;0;0;0;0;0;0;-4;-4;122122;7;1;0;0;0;0;0;0;0;0;0;0;-4;4444;148216124136.02173;19192;3;0;0;0;0;0;0;0;0;0;0;0;0;0;0;0
-13;-220;-111;718;2;0;0;0;0;0;0;0;0;0;0;-4;0;1.0912812212911411e+17;25182020;4;0;0;0;0;0;0;0;0;0;0;-4;0;220150222223.0;251920;3;0;0;0;0;0;0;0;0;0;0;0;0;0;0;0
-6;-6;-11;7;1;0;0;0;0;0;0;0;0;0;0;-4;-4;122122;7;1;0;0;0;0;0;0;0;0;0;0;-4;444;113220224147.0;7;1;0;0;0;0;0;0;0;0;0;0;0;0;0;0;0
0;0;-1;7;1;0;0;0;0;0;0;0;0;0;0;0;0;0;0;0;0;0;0;0;0;0;0;0;0;0;0;0;0;0;0;0;0;0;0;0;0;0;0;0;0;-4;0;100;7;1
-13;-151;-111;7;1;0;0;0;0;0;0;0;0;0;0;-4;0;114109;77;2;0;0;0;0;0;0;0;0;0;0;-4;4;162196;6;1;0;0;0;0;0;0;0;0;0;0;0;0;0;0;0
0;0;-1;7;1;0;0;0;0;0;0;0;0;0;0;-4;0;114109;22;2;-4;-44444;0;2;1;0;0;0;0;0;-4;4;162164;2;1;0;0;0;0;0;0;0;0;0;0;0;0;0;0;0
-9;-1100;-1111;7;1;-10;0;-1;7;1;-6;0;-1;7;1;0;0;0;0;0;0;0;0;0;0;0;0;0;0;0;-4;4;1.151151981111241e+29;7772;4;0;0;0;0;0;0;0;0;0;0;0;0;0;0;0
-9;-1100;-1111;7;1;0;0;0;0;0;0;0;0;0;0;0;0;0;0;0;0;0;0;0;0;0;0;0;0;0;-4;0;232;6;1;0;0;0;0;0;0;0;0;0;0;0;0;0;0;0
0;0;0;0;0;0;0;0;0;0;0;0;0;0;0;0;0;0;0;0;0;0;0;0;0;0;0;0;0;0;-4;0;222;6;1;0;0;0;0;0;0;0;0;0;0;0;0;0;0;0
-6;0;-1;18;1;0;0;0;0;0;0;0;0;0;0;0;0;0;0;0;0;0;0;0;0;0;0;0;0;0;-4;0;209;18;1;0;0;0;0;0;0;0;0;0;0;0;0;0;0;0
0;0;0;0;0;0;0;0;0;0;0;0;0;0;0;0;0;0;0;0;0;0;0;0;0;0;0;0;0;0;-4;444;106233223;6;1;0;0;0;0;0;0;0;0;0;0;0;0;0;0;0
0;0;0;0;0;0;0;0;0;0;0;0;0;0;0;0;0;0;0;0;0;0;0;0;0;0;0;0;0;0;-4;4;234235;6;1;0;0;0;0;0;0;0;0;0;0;0;0;0;0;0
0;0;0;0;0;0;0;0;0;0;0;0;0;0;0;0;0;0;0;0;0;0;0;0;0;0;0;0;0;0;-4;0;236;6;1;0;0;0;0;0;0;0;0;0;0;0;0;0;0;0
0;0;0;0;0;0;0;0;0;0;0;0;0;0;0;0;0;0;0;0;0;0;0;0;0;0;0;0;0;0;-4;0;211;6;1;0;0;0;0;0;0;0;0;0;0;0;0;0;0;0
-10;0;-1;13;1;0;0;0;0;0;0;0;0;0;0;0;0;0;0;0;0;0;0;0;0;0;0;0;0;0;-4;0;237122216238.0;66;2;0;0;0;0;0;0;0;0;0;0;-4;0;100;6;1
0;0;0;0;0;0;0;0;0;0;0;0;0;0;0;0;0;0;0;0;0;0;0;0;0;0;0;0;0;0;0;0;0;0;0;0;0;0;0;0;0;0;0;0;0;-4;0;100;14;1
0;0;0;0;0;0;0;0;0;0;0;0;0;0;0;0;0;0;0;0;0;0;0;0;0;0;0;0;0;0;-4;4444;2.4019823019924022e+17;66;2;0;0;0;0;0;0;0;0;0;0;0;0;0;0;0
0;0;0;0;0;0;0;0;0;0;0;0;0;0;0;0;0;0;0;0;0;0;0;0;0;0;0;0;0;0;-4;44444;2.4024323024424022e+23;666;3;0;0;0;0;0;0;0;0;0;0;0;0;0;0;0
0;0;-1;7;1;0;0;0;0;0;0;0;0;0;0;0;0;0;0;0;0;0;0;0;0;0;0;0;0;0;-4;4;1.9824519819920025e+20;766;3;0;0;0;0;0;0;0;0;0;0;0;0;0;0;0
0;0;0;0;0;0;0;0;0;0;0;0;0;0;0;0;0;0;0;0;0;0;0;0;0;0;0;0;0;0;0;0;0;0;0;0;0;0;0;0;0;0;0;0;0;-4;0;100;7;1
-13;-13;-11;7;1;-9;0;-1;7;1;0;0;0;0;0;0;0;0;0;0;0;0;0;0;0;0;0;0;0;0;-4;444444;2.3524822224923424e+17;6;1;0;0;0;0;0;0;0;0;0;0;0;0;0;0;0
0;0;0;0;0;-4;0;-1;66;2;0;0;0;0;0;0;0;0;0;0;0;0;0;0;0;0;0;0;0;0;-4;44;2.5022225125022225e+23;666;3;0;0;0;0;0;0;0;0;0;0;0;0;0;0;0
0;0;0;0;0;0;0;0;0;0;0;0;0;0;0;0;0;0;0;0;0;0;0;0;0;0;0;0;0;0;-4;44;222254;6;1;0;0;0;0;0;0;0;0;0;0;0;0;0;0;0
0;0;0;0;0;0;0;0;0;0;0;0;0;0;0;0;0;0;0;0;0;0;0;0;0;0;0;0;0;0;-4;44;222254;6;1;0;0;0;0;0;0;0;0;0;0;0;0;0;0;0
0;0;0;0;0;0;0;0;0;0;-6;0;-1;6;1;0;0;0;0;0;0;0;0;0;0;0;0;0;0;0;0;0;0;0;0;0;0;0;0;0;0;0;0;0;0;0;0;0;0;0
0;0;0;0;0;0;0;0;0;0;-6;0;-1;7;1;0;0;0;0;0;0;0;0;0;0;0;0;0;0;0;0;0;0;0;0;0;0;0;0;0;0;0;0;0;0;0;0;0;0;0
0;0;0;0;0;-6;0;-1;6;1;0;0;0;0;0;0;0;0;0;0;0;0;0;0;0;0;0;0;0;0;0;0;0;0;0;0;0;0;0;0;0;0;0;0;0;0;0;0;0;0
0;0;0;0;0;-6;0;-1;6;1;0;0;0;0;0;0;0;0;0;0;0;0;0;0;0;0;0;0;0;0;0;0;0;0;0;0;0;0;0;0;0;0;0;0;0;0;0;0;0;0
0;0;0;0;0;-6;0;-1;6;1;0;0;0;0;0;0;0;0;0;0;0;0;0;0;0;0;0;0;0;0;0;0;0;0;0;0;0;0;0;0;0;0;0;0;0;0;0;0;0;0
0;0;0;0;0;-6;0;-1;7;1;-6;0;-1;7;1;0;0;0;0;0;0;0;0;0;0;0;0;0;0;0;-4;4;104;7;1;0;0;0;0;0;0;0;0;0;0;0;0;0;0;0
-12;-250;-111;7;1;-6;0;-1;6;1;-10;0;-1;7;1;0;0;0;0;0;0;0;0;0;0;0;0;0;0;0;-4;0;104;6;1;0;0;0;0;0;0;0;0;0;0;0;0;0;0;0
0;0;0;0;0;-6;0;-1;6;1;0;0;0;0;0;0;0;0;0;0;0;0;0;0;0;0;0;0;0;0;0;0;0;0;0;0;0;0;0;0;0;0;0;0;0;0;0;0;0;0
0;0;0;0;0;-4;0;-1;7;1;-10;0;-1;7;1;0;0;0;0;0;0;0;0;0;0;0;0;0;0;0;-4;44;255149;7;1;0;0;0;0;0;0;0;0;0;0;0;0;0;0;0
-12;0;-1;7;1;0;0;0;0;0;0;0;0;0;0;0;0;0;0;0;0;0;0;0;0;0;0;0;0;0;-4;44444;256257199258.0198;666;3;0;0;0;0;0;0;0;0;0;0;0;0;0;0;0
0;0;0;0;0;-6;0;-1;6;1;0;0;0;0;0;0;0;0;0;0;0;0;0;0;0;0;0;0;0;0;0;0;0;0;0;0;0;0;0;0;0;0;0;0;0;0;0;0;0;0
0;0;0;0;0;0;0;0;0;0;0;0;0;0;0;0;0;0;0;0;0;0;0;0;0;0;0;0;0;0;-4;44;168124;7;1;0;0;0;0;0;0;0;0;0;0;0;0;0;0;0
0;0;0;0;0;-6;0;-1;19;1;-10;0;-1;7;1;0;0;0;0;0;0;0;0;0;0;0;0;0;0;0;-4;44;104110;19;1;0;0;0;0;0;0;0;0;0;0;-4;0;100;19;1
-6;-6;-11;7;1;0;0;0;0;0;0;0;0;0;0;0;0;0;0;0;0;0;0;0;0;0;0;0;0;0;-4;44;261209;7;1;0;0;0;0;0;0;0;0;0;0;0;0;0;0;0
0;0;0;0;0;-6;0;-1;2;1;0;0;0;0;0;0;0;0;0;0;0;0;0;0;0;0;0;0;0;0;0;0;0;0;0;0;0;0;0;0;0;0;0;0;0;0;0;0;0;0
0;0;0;0;0;0;0;0;0;0;0;0;0;0;0;0;0;0;0;0;0;0;0;0;0;0;0;0;0;0;0;0;0;0;0;0;0;0;0;0;0;0;0;6;1;0;0;0;0;0
0;0;0;0;0;-11;0;-1;262626;3;-6;0;-1;17;1;-4;0;115135111;662;3;0;0;0;0;0;-4;0;0;7;1;-4;44;2.6226326523021017e+26;1.7267192222226666e+21;17;8;80808080;11111;1717262626.0;5;0;0;0;0;0;0;0;0;0;0
-10;0;-1;24;1;-10;0;-1;1919;2;-10;0;-1;19;1;-4;0;136136;1919;2;0;0;0;0;0;-4;0;0;1919;2;-4;0;2.8028014710426528e+17;1919192626.0;5;8;80;11;2626;2;0;0;0;0;0;0;0;0;0;0
0;0;0;0;0;0;0;0;0;0;-6;0;-1;2;1;0;0;0;0;0;0;0;0;0;0;0;0;0;0;0;-4;0;147;2;1;0;0;0;0;0;0;0;0;0;0;0;0;0;0;0
0;0;0;0;0;0;0;0;0;0;0;0;0;0;0;-4;0;136;7;1;0;0;0;0;0;-4;0;0;77;2;-4;444;106257281282.0;26;1;8;0;1;26;1;0;0;0;0;0;0;0;0;0;0
0;0;0;0;0;0;0;0;0;0;0;0;0;0;0;0;0;0;0;0;0;0;0;0;0;0;0;0;0;0;-4;44;115283284;2;1;0;0;0;0;0;0;0;0;0;0;0;0;0;0;0
0;0;0;0;0;0;0;0;0;0;0;0;0;0;0;0;0;0;0;0;0;0;0;0;0;0;0;0;0;0;-4;44;114283284;2;1;0;0;0;0;0;0;0;0;0;0;0;0;0;0;0
0;0;0;0;0;0;0;0;0;0;0;0;0;0;0;0;0;0;0;0;0;0;0;0;0;-4;0;0;7;1;0;0;0;0;0;0;0;0;0;0;0;0;0;0;0;-4;0;100;7;1
0;0;0;0;0;-4;0;-1;6;1;-6;0;-1;6;1;0;0;0;0;0;0;0;0;0;0;0;0;0;0;0;-4;0;242284;66;2;0;0;0;0;0;0;0;0;0;0;0;0;0;0;0
0;0;0;0;0;0;0;0;0;0;0;0;0;0;0;0;0;0;0;0;0;0;0;0;0;-4;0;0;7;1;-4;44;256265151;7;1;0;0;0;0;0;0;0;0;0;0;0;0;0;0;0
-13;0;-1;7;1;0;0;0;0;0;0;0;0;0;0;-4;-4;128109;6;1;-4;0;137;7;1;-4;0;0;6;1;-4;4444;256265172185.02652;77;2;0;0;0;0;0;0;0;0;0;0;-4;0;100;7;1
0;0;0;0;0;0;0;0;0;0;0;0;0;0;0;0;0;0;0;0;0;0;0;0;0;0;0;0;0;0;0;0;0;0;0;0;0;0;0;0;0;0;0;0;0;-4;0;100;2;1
0;0;0;0;0;0;0;0;0;0;0;0;0;0;0;0;0;0;0;0;0;0;0;0;0;0;0;0;0;0;-4;44;115105283;2;1;0;0;0;0;0;0;0;0;0;0;0;0;0;0;0
0;0;0;0;0;0;0;0;0;0;0;0;0;0;0;0;0;0;0;0;0;0;0;0;0;-4;0;0;7;1;0;0;0;0;0;0;0;0;0;0;0;0;0;0;0;-4;0;100;7;1
0;0;0;0;0;0;0;0;0;0;-6;0;-1;7;1;0;0;0;0;0;0;0;0;0;0;0;0;0;0;0;-4;4;143158;7;1;0;0;0;0;0;0;0;0;0;0;0;0;0;0;0
0;0;0;0;0;-11;0;-1;7;1;-10;0;-1;7;1;0;0;0;0;0;0;0;0;0;0;0;0;0;0;0;-4;444;2.421431982062072e+17;77;2;0;0;0;0;0;0;0;0;0;0;0;0;0;0;0
0;0;0;0;0;0;0;0;0;0;0;0;0;0;0;0;0;0;0;0;-4;0;138;7;1;0;0;0;0;0;0;0;0;0;0;0;0;0;0;0;0;0;0;0;0;0;0;0;0;0
0;0;0;0;0;-9;0;-1;19;1;-10;0;-1;2;1;0;0;0;0;0;0;0;0;0;0;0;0;0;0;0;-4;0;143;2;1;0;0;0;0;0;0;0;0;0;0;-4;0;100;19;1
0;0;0;0;0;0;0;0;0;0;0;0;0;0;0;0;0;0;0;0;0;0;0;0;0;0;0;0;0;0;0;0;0;0;0;0;0;0;0;0;0;0;0;0;0;-4;0;100;7;1
0;0;0;0;0;0;0;0;0;0;0;0;0;0;0;0;0;0;0;0;0;0;0;0;0;0;0;0;0;0;0;0;0;0;0;0;0;0;0;0;0;0;0;0;0;-4;0;100;20;1
0;0;0;0;0;-11;0;-1;6;1;-10;0;-1;7;1;-4;-4;139102;6;1;0;0;0;0;0;0;0;0;0;0;-4;4;295168;6;1;0;0;0;0;0;0;0;0;0;0;0;0;0;0;0
0;0;0;0;0;0;0;0;0;0;0;0;0;0;0;0;0;0;0;0;-4;-4;140;7;1;0;0;0;0;0;-4;0;157;7;1;0;0;0;0;0;0;0;0;0;0;0;0;0;0;0
0;0;0;0;0;0;0;0;0;0;0;0;0;0;0;0;0;0;0;0;0;0;0;0;0;0;0;0;0;0;0;0;0;0;0;0;0;0;0;0;0;0;0;6;1;0;0;0;0;0
0;0;0;0;0;0;0;0;0;0;-2;0;-1;6;1;0;0;0;0;0;0;0;0;0;0;0;0;0;0;0;0;0;0;0;0;0;0;0;0;0;0;0;0;0;0;0;0;0;0;0
0;0;0;0;0;0;0;0;0;0;-6;0;-1;6;1;0;0;0;0;0;0;0;0;0;0;0;0;0;0;0;-4;0;104;6;1;0;0;0;0;0;0;0;0;0;0;0;0;0;0;0
0;0;0;0;0;0;0;0;0;0;-6;0;-1;6;1;0;0;0;0;0;0;0;0;0;0;0;0;0;0;0;0;0;0;0;0;0;0;0;0;0;0;0;0;0;0;0;0;0;0;0
0;0;0;0;0;-6;0;-1;6;1;0;0;0;0;0;0;0;0;0;0;0;0;0;0;0;0;0;0;0;0;0;0;0;0;0;0;0;0;0;0;0;0;0;0;0;0;0;0;0;0
0;0;0;0;0;0;0;0;0;0;-6;0;-1;7;1;0;0;0;0;0;0;0;0;0;0;0;0;0;0;0;0;0;0;0;0;0;0;0;0;0;0;0;0;0;0;-4;0;100;7;1
0;0;0;0;0;0;0;0;0;0;0;0;0;0;0;0;0;0;0;0;0;0;0;0;0;0;0;0;0;0;-4;4;105296;6;1;0;0;0;0;0;0;0;0;0;0;0;0;0;0;0
0;0;0;0;0;0;0;0;0;0;-6;0;-1;6;1;0;0;0;0;0;0;0;0;0;0;0;0;0;0;0;0;0;0;0;0;0;0;0;0;0;0;0;0;0;0;0;0;0;0;0
0;0;0;0;0;0;0;0;0;0;-6;0;-1;6;1;0;0;0;0;0;0;0;0;0;0;0;0;0;0;0;-4;0;104;6;1;0;0;0;0;0;0;0;0;0;0;0;0;0;0;0
0;0;0;0;0;0;0;0;0;0;-6;0;-1;6;1;0;0;0;0;0;0;0;0;0;0;0;0;0;0;0;-4;44;155104;6;1;0;0;0;0;0;0;0;0;0;0;0;0;0;0;0
0;0;0;0;0;0;0;0;0;0;-6;0;-1;6;1;0;0;0;0;0;0;0;0;0;0;0;0;0;0;0;0;0;0;0;0;0;0;0;0;0;0;0;0;0;0;0;0;0;0;0
0;0;0;0;0;0;0;0;0;0;-6;0;-1;6;1;0;0;0;0;0;0;0;0;0;0;0;0;0;0;0;0;0;0;0;0;0;0;0;0;0;0;0;0;0;0;0;0;0;0;0
0;0;0;0;0;0;0;0;0;0;-6;0;-1;6;1;0;0;0;0;0;0;0;0;0;0;0;0;0;0;0;0;0;0;0;0;0;0;0;0;0;0;0;0;0;0;0;0;0;0;0
0;0;0;0;0;0;0;0;0;0;-6;0;-1;6;1;0;0;0;0;0;0;0;0;0;0;0;0;0;0;0;0;0;0;0;0;0;0;0;0;0;0;0;0;0;0;0;0;0;0;0
0;0;0;0;0;0;0;0;0;0;-2;0;-1;6;1;0;0;0;0;0;0;0;0;0;0;0;0;0;0;0;-4;0;192;6;1;0;0;0;0;0;0;0;0;0;0;0;0;0;0;0
0;0;0;0;0;0;0;0;0;0;-2;0;-1;6;1;0;0;0;0;0;0;0;0;0;0;0;0;0;0;0;-4;0;192;6;1;0;0;0;0;0;0;0;0;0;0;0;0;0;0;0
0;0;0;0;0;0;0;0;0;0;0;0;0;0;0;0;0;0;0;0;0;0;0;0;0;0;0;0;0;0;-4;444;296297298;6;1;0;0;0;0;0;0;0;0;0;0;0;0;0;0;0
0;0;0;0;0;0;0;0;0;0;0;0;0;0;0;0;0;0;0;0;0;0;0;0;0;0;0;0;0;0;-4;4;300242;6;1;0;0;0;0;0;0;0;0;0;0;0;0;0;0;0
0;0;0;0;0;0;0;0;0;0;-6;0;-1;6;1;0;0;0;0;0;0;0;0;0;0;0;0;0;0;0;-4;444;227105296104.0;6;1;0;0;0;0;0;0;0;0;0;0;0;0;0;0;0
0;0;0;0;0;0;0;0;0;0;-6;0;-1;6;1;0;0;0;0;0;0;0;0;0;0;0;0;0;0;0;-4;0;104;6;1;0;0;0;0;0;0;0;0;0;0;0;0;0;0;0
-6;0;-1;7;1;0;0;0;0;0;0;0;0;0;0;0;0;0;0;0;0;0;0;0;0;0;0;0;0;0;0;0;0;0;0;0;0;0;0;0;0;0;0;0;0;0;0;0;0;0
0;0;0;0;0;-4;0;-1;6;1;-6;0;-1;6;1;0;0;0;0;0;0;0;0;0;0;0;0;0;0;0;0;0;0;0;0;0;0;0;0;0;0;0;0;0;0;0;0;0;0;0
0;0;0;0;0;0;0;0;0;0;0;0;0;0;0;-4;0;136;2;1;0;0;0;0;0;0;0;0;0;0;-4;4;301302;2;1;8;0;1;2;1;0;0;0;0;0;0;0;0;0;0
0;0;0;0;0;-4;0;-1;66;2;-10;0;-1;6;1;0;0;0;0;0;0;0;0;0;0;0;0;0;0;0;-4;44;238284104303.0;666;3;0;0;0;0;0;0;0;0;0;0;0;0;0;0;0
0;0;-1;7;1;0;0;0;0;0;0;0;0;0;0;-4;0;109109139141.0;619;2;0;0;0;0;0;0;0;0;0;0;-4;444;3.0530630730830926e+23;6196;3;0;0;0;0;0;0;0;0;0;0;-4;0;100100;76;2
0;0;0;0;0;-11;0;-1;7;1;0;0;0;0;0;0;0;0;0;0;0;0;0;0;0;0;0;0;0;0;-4;0;3.1220717931310514e+20;72727;3;8;8080;111;72727;3;0;0;0;0;0;0;0;0;0;0
0;0;0;0;0;0;0;0;0;0;-10;0;-1;7;1;0;0;0;0;0;0;0;0;0;0;-4;0;0;7;1;0;0;0;0;0;0;0;0;0;0;0;0;0;0;0;0;0;0;0;0
-6;-67;111;26;1;-4;0;-1;17;1;-10;0;-1;17;1;0;0;0;0;0;0;0;0;0;0;-4;0;0;26;1;-4;44;2.411432471121133e+17;171726;3;8;80;11;1726;2;0;0;0;0;0;-4;0;100;26;1
0;0;0;0;0;0;0;0;0;0;-10;0;-1;7;1;-4;0;142;19;1;0;0;0;0;0;0;0;0;0;0;-4;0;110;7;1;8;0;1;19;1;0;0;0;0;0;0;0;0;0;0
0;0;0;0;0;0;0;0;0;0;-10;0;-1;7;1;-4;-4;142122;6;1;0;0;0;0;0;0;0;0;0;0;-4;4444;247249124;7;1;8;0;1;6;1;0;0;0;0;0;-4;0;100;6;1
0;0;0;0;0;0;0;0;0;0;0;0;0;0;0;-4;0;136;7;1;0;0;0;0;0;-4;0;0;7;1;-4;4;301318;26;1;8;0;1;26;1;0;0;0;0;0;0;0;0;0;0
0;0;1;6;1;-11;0;-1;6;1;-10;0;-1;7;1;0;0;0;0;0;0;0;0;0;0;0;0;0;0;0;-4;44;319247242143.0;76;2;0;0;0;0;0;0;0;0;0;0;-4;0;100;7;1
0;0;0;0;0;0;0;0;0;0;0;0;0;0;0;-4;0;121;7;1;-4;-4;121;7;1;0;0;0;0;0;-4;4;322323;7;1;0;0;0;0;0;0;0;0;0;0;0;0;0;0;0
0;0;0;0;0;0;0;0;0;0;0;0;0;0;0;-4;-4;143122;6;1;0;0;0;0;0;0;0;0;0;0;0;0;0;0;0;8;0;1;6;1;0;0;0;0;0;0;0;0;0;0
0;0;0;0;0;0;0;0;0;0;-6;0;-1;6;1;0;0;0;0;0;0;0;0;0;0;0;0;0;0;0;-4;0;177104;66;2;0;0;0;0;0;0;0;0;0;0;0;0;0;0;0
0;0;0;0;0;0;0;0;0;0;0;0;0;0;0;0;0;0;0;0;0;0;0;0;0;0;0;0;0;0;0;0;0;0;0;0;0;0;0;0;0;0;0;0;0;-4;0;100;6;1
0;0;0;0;0;0;0;0;0;0;0;0;0;0;0;-4;-4;139144;6;1;0;0;0;0;0;0;0;0;0;0;-4;44444;301326124125327.06;66;2;8;0;1;7;1;0;0;0;0;0;0;0;0;0;0
0;0;0;0;0;0;0;0;0;0;-6;0;-1;6;1;0;0;0;0;0;0;0;0;0;0;0;0;0;0;0;0;0;0;0;0;0;0;0;0;0;0;0;0;0;0;0;0;0;0;0
-6;0;-1;7;1;0;0;0;0;0;0;0;0;0;0;0;0;0;0;0;0;0;0;0;0;0;0;0;0;0;-4;0;329;7;1;0;0;0;0;0;0;0;0;0;0;0;0;0;0;0
0;0;0;0;0;0;0;0;0;0;-6;0;-1;6;1;0;0;0;0;0;0;0;0;0;0;0;0;0;0;0;0;0;0;0;0;0;0;0;0;0;0;0;0;0;0;0;0;0;0;0
0;0;-1;7;1;0;0;0;0;0;0;0;0;0;0;0;0;0;0;0;0;0;0;0;0;0;0;0;0;0;-4;0;330;7;1;0;0;0;0;0;0;0;0;0;0;0;0;0;0;0
0;0;0;0;0;0;0;0;0;0;-10;0;-1;7;1;0;0;0;0;0;0;0;0;0;0;0;0;0;0;0;-4;4444444;1.0e+INF;66;2;0;0;0;0;0;0;0;0;0;0;0;0;0;0;0
0;0;0;0;0;0;0;0;0;0;0;0;0;0;0;0;0;0;0;0;-4;0;145;7;1;0;0;0;0;0;0;0;0;0;0;0;0;0;0;0;0;0;0;0;0;-4;0;100;7;1
-6;0;-1;7;1;0;0;0;0;0;0;0;0;0;0;0;0;0;0;0;0;0;0;0;0;0;0;0;0;0;-4;0;335;7;1;0;0;0;0;0;0;0;0;0;0;0;0;0;0;0
0;0;0;0;0;-32;0;-1;6;1;-6;0;-1;6;1;0;0;0;0;0;0;0;0;0;0;0;0;0;0;0;0;0;0;0;0;0;0;0;0;0;0;0;0;0;0;0;0;0;0;0
0;0;0;0;0;-4;0;-1;6;1;-6;0;-1;6;1;0;0;0;0;0;0;0;0;0;0;0;0;0;0;0;0;0;0;0;0;0;0;0;0;0;0;0;0;0;0;0;0;0;0;0
0;0;0;0;0;-32;0;-1;6;1;-6;0;-1;6;1;0;0;0;0;0;0;0;0;0;0;0;0;0;0;0;-4;0;336;6;1;0;0;0;0;0;0;0;0;0;0;0;0;0;0;0
-6;0;-1;7;1;0;0;0;0;0;0;0;0;0;0;0;0;0;0;0;0;0;0;0;0;0;0;0;0;0;-4;0;329;7;1;0;0;0;0;0;0;0;0;0;0;0;0;0;0;0
0;0;0;0;0;-4;0;-1;6;1;-6;0;-1;6;1;0;0;0;0;0;0;0;0;0;0;0;0;0;0;0;-4;4;241104;6;1;0;0;0;0;0;0;0;0;0;0;0;0;0;0;0
-6;-66;-111;7;1;0;0;0;0;0;0;0;0;0;0;0;0;0;0;0;0;0;0;0;0;0;0;0;0;0;-4;0;337;7;1;0;0;0;0;0;0;0;0;0;0;0;0;0;0;0
0;0;0;0;0;0;0;0;0;0;0;0;0;0;0;0;0;0;0;0;-4;0;146;7;1;0;0;0;0;0;-4;0;338;7;1;0;0;0;0;0;0;0;0;0;0;-4;0;100;7;1
0;0;0;0;0;0;0;0;0;0;0;0;0;0;0;0;0;0;0;0;0;0;0;0;0;0;0;0;0;0;-4;4;340171;7;1;0;0;0;0;0;0;0;0;0;0;0;0;0;0;0
0;0;0;0;0;0;0;0;0;0;0;0;0;0;0;0;0;0;0;0;0;0;0;0;0;0;0;0;0;0;0;0;0;0;0;0;0;0;0;0;0;0;0;0;0;-4;0;100;6;1
0;0;0;0;0;0;0;0;0;0;0;0;0;0;0;0;0;0;0;0;0;0;0;0;0;0;0;0;0;0;0;0;0;0;0;0;0;0;0;0;0;0;0;0;0;-4;0;100;7;1
0;0;0;0;0;0;0;0;0;0;-6;0;-1;6;1;0;0;0;0;0;0;0;0;0;0;0;0;0;0;0;-4;0;192;6;1;0;0;0;0;0;0;0;0;0;0;0;0;0;0;0
0;0;0;0;0;0;0;0;0;0;-6;0;-1;6;1;0;0;0;0;0;0;0;0;0;0;0;0;0;0;0;-4;444;103235344;6;1;0;0;0;0;0;0;0;0;0;0;0;0;0;0;0
0;0;0;0;0;0;0;0;0;0;-6;0;-1;6;1;0;0;0;0;0;0;0;0;0;0;0;0;0;0;0;-4;4;345192;6;1;0;0;0;0;0;0;0;0;0;0;0;0;0;0;0
0;0;0;0;0;0;0;0;0;0;0;0;0;0;0;0;0;0;0;0;-4;0;104;7;1;0;0;0;0;0;-4;44444;2.3534620934723312e+17;7;1;0;0;0;0;0;0;0;0;0;0;0;0;0;0;0
0;0;0;0;0;-11;0;-1;6;1;-2;0;-1;6;1;0;0;0;0;0;0;0;0;0;0;0;0;0;0;0;-4;44;1.0315034823534925e+20;66;2;0;0;0;0;0;0;0;0;0;0;-4;0;100;6;1
0;0;0;0;0;0;0;0;0;0;-6;0;-1;2;1;0;0;0;0;0;0;0;0;0;0;0;0;0;0;0;-4;44;351233;2;1;0;0;0;0;0;0;0;0;0;0;0;0;0;0;0
0;0;0;0;0;0;0;0;0;0;0;0;0;0;0;0;0;0;0;0;0;0;0;0;0;0;0;0;0;0;-4;4;301347;6;1;0;0;0;0;0;0;0;0;0;0;0;0;0;0;0
-6;-6;-11;7;1;0;0;0;0;0;0;0;0;0;0;0;0;0;0;0;0;0;0;0;0;0;0;0;0;0;0;0;0;0;0;0;0;0;0;0;0;0;0;0;0;-4;0;100;7;1
-6;0;-1;7;1;0;0;0;0;0;0;0;0;0;0;0;0;0;0;0;0;0;0;0;0;0;0;0;0;0;-4;44;328353347;7;1;0;0;0;0;0;0;0;0;0;0;0;0;0;0;0
0;0;0;0;0;0;0;0;0;0;0;0;0;0;0;0;0;0;0;0;0;0;0;0;0;0;0;0;0;0;-4;4444;355124125356.0357;66;2;0;0;0;0;0;0;0;0;0;0;0;0;0;0;0
0;0;0;0;0;0;0;0;0;0;0;0;0;0;0;0;0;0;0;0;-4;0;147;7;1;0;0;0;0;0;0;0;0;0;0;0;0;0;0;0;0;0;0;0;0;0;0;0;0;0
0;0;0;0;0;0;0;0;0;0;-6;0;-1;26;1;0;0;0;0;0;0;0;0;0;0;0;0;0;0;0;-4;4;3.593603612073622e+29;192626196;5;8;80;11;2626;2;0;0;0;0;0;0;0;0;0;0
0;0;0;0;0;0;0;0;0;0;-6;0;-1;6;1;0;0;0;0;0;0;0;0;0;0;0;0;0;0;0;0;0;0;0;0;0;0;0;0;0;0;0;0;0;0;0;0;0;0;0
0;0;0;0;0;0;0;0;0;0;-6;0;-1;6;1;0;0;0;0;0;0;0;0;0;0;0;0;0;0;0;0;0;0;0;0;0;0;0;0;0;0;0;0;0;0;0;0;0;0;0
0;0;0;0;0;0;0;0;0;0;-6;0;-1;6;1;0;0;0;0;0;0;0;0;0;0;0;0;0;0;0;-4;0;367;6;1;0;0;0;0;0;0;0;0;0;0;0;0;0;0;0
0;0;0;0;0;0;0;0;0;0;-6;0;-1;6;1;0;0;0;0;0;0;0;0;0;0;0;0;0;0;0;-4;0;182;6;1;0;0;0;0;0;0;0;0;0;0;0;0;0;0;0
0;0;0;0;0;0;0;0;0;0;-6;0;-1;7;1;0;0;0;0;0;0;0;0;0;0;0;0;0;0;0;-4;0;368190124;97;2;0;0;0;0;0;0;0;0;0;0;0;0;0;0;0
0;0;0;0;0;0;0;0;0;0;0;0;0;0;0;0;0;0;0;0;0;0;0;0;0;0;0;0;0;0;-4;444;231105369104.0;6;1;0;0;0;0;0;0;0;0;0;0;0;0;0;0;0
0;0;0;0;0;0;0;0;0;0;0;0;0;0;0;0;0;0;0;0;0;0;0;0;0;0;0;0;0;0;-4;0;370;6;1;0;0;0;0;0;0;0;0;0;0;0;0;0;0;0
0;0;0;0;0;0;0;0;0;0;-6;0;-1;6;1;0;0;0;0;0;0;0;0;0;0;0;0;0;0;0;-4;0;104;6;1;0;0;0;0;0;0;0;0;0;0;0;0;0;0;0
0;0;0;0;0;0;0;0;0;0;-6;0;-1;6;1;0;0;0;0;0;0;0;0;0;0;0;0;0;0;0;-4;0;123;6;1;0;0;0;0;0;0;0;0;0;0;0;0;0;0;0
0;0;0;0;0;0;0;0;0;0;-6;0;-1;7;1;0;0;0;0;0;0;0;0;0;0;0;0;0;0;0;0;0;0;0;0;0;0;0;0;0;0;0;0;0;0;0;0;0;0;0
0;0;0;0;0;0;0;0;0;0;-6;0;-1;6;1;0;0;0;0;0;0;0;0;0;0;0;0;0;0;0;-4;0;104;6;1;0;0;0;0;0;0;0;0;0;0;0;0;0;0;0
0;0;0;0;0;0;0;0;0;0;-6;0;-1;6;1;0;0;0;0;0;0;0;0;0;0;0;0;0;0;0;-4;0;123;6;1;0;0;0;0;0;0;0;0;0;0;0;0;0;0;0
0;0;0;0;0;0;0;0;0;0;-6;0;-1;7;1;0;0;0;0;0;0;0;0;0;0;0;0;0;0;0;-4;4;204104;7;1;0;0;0;0;0;0;0;0;0;0;0;0;0;0;0
-6;-66;-111;7;1;0;0;0;0;0;-6;0;-1;7;1;0;0;0;0;0;0;0;0;0;0;0;0;0;0;0;-4;4;371104;7;1;0;0;0;0;0;0;0;0;0;0;0;0;0;0;0
-6;-66;-111;7;1;0;0;0;0;0;-6;0;-1;7;1;0;0;0;0;0;0;0;0;0;0;0;0;0;0;0;-4;4;372104;7;1;0;0;0;0;0;0;0;0;0;0;0;0;0;0;0
0;0;0;0;0;0;0;0;0;0;-6;0;-1;6;1;0;0;0;0;0;0;0;0;0;0;0;0;0;0;0;0;0;0;0;0;0;0;0;0;0;0;0;0;0;0;0;0;0;0;0
0;0;0;0;0;0;0;0;0;0;-6;0;-1;7;1;0;0;0;0;0;0;0;0;0;0;0;0;0;0;0;-4;0;104;7;1;0;0;0;0;0;0;0;0;0;0;0;0;0;0;0
0;0;0;0;0;0;0;0;0;0;-6;0;-1;7;1;0;0;0;0;0;0;0;0;0;0;0;0;0;0;0;-4;0;104;7;1;0;0;0;0;0;0;0;0;0;0;0;0;0;0;0
0;0;0;0;0;0;0;0;0;0;-6;0;-1;7;1;0;0;0;0;0;0;0;0;0;0;0;0;0;0;0;-4;0;104;7;1;0;0;0;0;0;0;0;0;0;0;0;0;0;0;0
0;0;0;0;0;0;0;0;0;0;-6;0;-1;7;1;0;0;0;0;0;0;0;0;0;0;0;0;0;0;0;-4;0;104;7;1;0;0;0;0;0;0;0;0;0;0;0;0;0;0;0
0;0;0;0;0;0;0;0;0;0;-6;0;-1;6;1;0;0;0;0;0;0;0;0;0;0;0;0;0;0;0;-4;44;104130373;6;1;0;0;0;0;0;0;0;0;0;0;0;0;0;0;0
0;0;0;0;0;0;0;0;0;0;-6;0;-1;7;1;0;0;0;0;0;-4;0;109;7;1;0;0;0;0;0;0;0;0;0;0;0;0;0;0;0;0;0;0;0;0;0;0;0;0;0
0;0;0;0;0;0;0;0;0;0;-6;0;-1;7;1;0;0;0;0;0;-4;0;109;7;1;0;0;0;0;0;0;0;0;0;0;0;0;0;0;0;0;0;0;0;0;0;0;0;0;0
0;0;0;0;0;0;0;0;0;0;-6;0;-1;6;1;0;0;0;0;0;0;0;0;0;0;0;0;0;0;0;-4;44;374150266129104.0;66;2;0;0;0;0;0;0;0;0;0;0;0;0;0;0;0
0;0;-1;7;1;0;0;0;0;0;0;0;0;0;0;0;0;0;0;0;0;0;0;0;0;0;0;0;0;0;-4;444;105375326;7;1;0;0;0;0;0;0;0;0;0;0;0;0;0;0;0
0;0;0;0;0;0;0;0;0;0;-10;0;-1;7;1;0;0;0;0;0;0;0;0;0;0;0;0;0;0;0;-4;444;227376104240.0;6;1;0;0;0;0;0;0;0;0;0;0;0;0;0;0;0
0;0;0;0;0;0;0;0;0;0;-6;0;-1;6;1;0;0;0;0;0;0;0;0;0;0;0;0;0;0;0;-4;0;106;6;1;0;0;0;0;0;0;0;0;0;0;0;0;0;0;0
0;0;0;0;0;0;0;0;0;0;-6;0;-1;6;1;0;0;0;0;0;0;0;0;0;0;0;0;0;0;0;-4;0;111;6;1;0;0;0;0;0;0;0;0;0;0;0;0;0;0;0
0;0;0;0;0;0;0;0;0;0;-6;0;-1;6;1;0;0;0;0;0;0;0;0;0;0;0;0;0;0;0;-4;44;220221377;6;1;0;0;0;0;0;0;0;0;0;0;0;0;0;0;0
0;0;0;0;0;0;0;0;0;0;-10;0;-1;7;1;0;0;0;0;0;0;0;0;0;0;0;0;0;0;0;-4;44;378198199379.0;72;2;0;0;0;0;0;0;0;0;0;0;0;0;0;0;0
0;0;0;0;0;0;0;0;0;0;-10;0;-1;7;1;0;0;0;0;0;0;0;0;0;0;0;0;0;0;0;-4;0;2.0037838119912837e+23;66;2;0;0;0;0;0;0;0;0;0;0;-4;0;100;6;1
0;0;0;0;0;0;0;0;0;0;-6;0;-1;6;1;0;0;0;0;0;0;0;0;0;0;0;0;0;0;0;-4;44;106301104;6;1;0;0;0;0;0;0;0;0;0;0;0;0;0;0;0
0;0;0;0;0;0;0;0;0;0;-6;0;-1;6;1;0;0;0;0;0;0;0;0;0;0;0;0;0;0;0;-4;0;111;6;1;0;0;0;0;0;0;0;0;0;0;0;0;0;0;0
0;0;0;0;0;0;0;0;0;0;-10;0;-1;17;1;0;0;0;0;0;0;0;0;0;0;0;0;0;0;0;-4;0;2.4324724212738338e+26;17172828;4;8;80;11;1717;2;0;0;0;17;1;0;0;0;0;0
0;-14;-111;7;1;0;0;0;0;0;0;0;0;0;0;-4;-4;149149;6;1;0;0;0;0;0;0;0;0;0;0;-4;4444;387388143389145.0;6;1;8;0;1;6;1;0;0;0;0;0;0;0;0;0;0
-14;0;-1;18;1;1;0;-1;7;1;0;0;0;0;0;-4;-4;149150149;67;2;0;0;0;0;0;-4;0;0;7;1;-4;0;243243243390129.0;1877;3;8;80;11;77;2;0;0;0;0;0;0;0;0;0;0
-13;-130;-111;7;1;-4;0;-1;6;1;-10;0;-1;7;1;-4;0;151142149149.0;191966;4;0;0;0;0;0;0;0;0;0;0;-4;4444444;1.5410411032439113e+173;1922;2;8;8080;111;6296;3;0;0;0;0;0;0;0;0;0;0
