-6;-6;-11;11;1;0;0;0;0;0;0;0;0;0;0;0;0;0;0;0;0;0;0;0;0;0;0;0;0;0;0;0;0;0;0;0;0;0;0;0;0;0;0;0;0;0;0;0;0;0
-2;-2;-11;12;1;0;0;0;0;0;-6;0;-1;7;1;0;0;0;0;0;0;0;0;0;0;0;0;0;0;0;0;0;0;0;0;0;0;0;0;0;0;0;0;0;0;0;0;0;0;0
0;0;0;0;0;0;0;0;0;0;0;0;0;0;0;0;0;0;0;0;0;0;0;0;0;0;0;0;0;0;0;0;0;0;0;0;0;0;0;0;0;0;0;7;1;0;0;0;0;0
0;0;0;0;0;0;0;0;0;0;0;0;0;0;0;0;0;0;0;0;0;0;0;0;0;0;0;0;0;0;0;0;0;0;0;0;0;0;0;0;0;0;0;6;1;0;0;0;0;0
0;0;0;0;0;0;0;0;0;0;0;0;0;0;0;0;0;0;0;0;0;0;0;0;0;0;0;0;0;0;0;0;0;0;0;0;0;0;0;0;0;0;0;0;0;-4;0;100;6;1
0;0;0;0;0;0;0;0;0;0;0;0;0;0;0;0;0;0;0;0;0;0;0;0;0;0;0;0;0;0;0;0;0;0;0;0;0;0;0;0;0;0;0;7;1;0;0;0;0;0
0;0;0;0;0;0;0;0;0;0;0;0;0;0;0;0;0;0;0;0;0;0;0;0;0;0;0;0;0;0;0;0;0;0;0;0;0;0;0;0;0;0;0;7;1;0;0;0;0;0
0;0;0;0;0;0;0;0;0;0;0;0;0;0;0;0;0;0;0;0;0;0;0;0;0;0;0;0;0;0;0;0;0;0;0;0;0;0;0;0;0;0;0;13;1;0;0;0;0;0
0;0;0;0;0;0;0;0;0;0;0;0;0;0;0;0;0;0;0;0;0;0;0;0;0;0;0;0;0;0;0;0;0;0;0;0;0;0;0;0;0;0;0;6;1;0;0;0;0;0
0;0;0;0;0;0;0;0;0;0;0;0;0;0;0;0;0;0;0;0;0;0;0;0;0;0;0;0;0;0;0;0;0;0;0;0;0;0;0;0;0;0;0;6;1;0;0;0;0;0
-6;0;-1;14;1;0;0;0;0;0;-6;0;-1;14;1;-4;0;109;14;1;0;0;0;0;0;0;0;0;0;0;0;0;0;0;0;0;0;0;0;0;0;0;0;0;0;0;0;0;0;0
0;0;0;0;0;0;0;0;0;0;-6;0;-1;6;1;0;0;0;0;0;0;0;0;0;0;0;0;0;0;0;0;0;0;0;0;0;0;0;0;0;0;0;0;0;0;0;0;0;0;0
0;0;0;0;0;0;0;0;0;0;0;0;0;0;0;0;0;0;0;0;0;0;0;0;0;0;0;0;0;0;-4;0;104;6;1;0;0;0;0;0;0;0;0;0;0;0;0;0;0;0
-6;-66;-111;15;1;0;0;0;0;0;-6;0;-1;15;1;0;0;0;0;0;0;0;0;0;0;0;0;0;0;0;-4;44;104124;15;1;0;0;0;0;0;0;0;0;0;0;0;0;0;0;0
-6;-6;-11;16;1;0;0;0;0;0;0;0;0;0;0;0;0;0;0;0;0;0;0;0;0;0;0;0;0;0;-4;44;103181103;16;1;0;0;0;0;0;0;0;0;0;0;0;0;0;0;0
0;0;0;0;0;0;0;0;0;0;0;0;0;0;0;0;0;0;0;0;0;0;0;0;0;0;0;0;0;0;-4;0;107;6;1;0;0;0;0;0;0;0;0;0;0;0;0;0;0;0
-6;-66;-111;17;1;0;0;0;0;0;0;0;0;0;0;0;0;0;0;0;0;0;0;0;0;0;0;0;0;0;-4;44;107181107;17;1;0;0;0;0;0;0;0;0;0;0;0;0;0;0;0
-6;-66;-111;18;1;0;0;0;0;0;0;0;0;0;0;0;0;0;0;0;0;0;0;0;0;0;0;0;0;0;-4;4;182107;18;1;0;0;0;0;0;0;0;0;0;0;0;0;0;0;0
-6;-666;-1111;19;1;0;0;0;0;0;0;0;0;0;0;0;0;0;0;0;0;0;0;0;0;0;0;0;0;0;-4;4;182181;19;1;0;0;0;0;0;0;0;0;0;0;0;0;0;0;0
0;0;0;0;0;-6;0;-1;66;2;0;0;0;0;0;0;0;0;0;0;0;0;0;0;0;0;0;0;0;0;0;0;0;0;0;0;0;0;0;0;0;0;0;0;0;0;0;0;0;0
0;0;0;0;0;0;0;0;0;0;-6;0;-1;6;1;0;0;0;0;0;0;0;0;0;0;0;0;0;0;0;0;0;0;0;0;0;0;0;0;0;0;0;0;0;0;0;0;0;0;0
0;0;0;0;0;0;0;0;0;0;0;0;0;0;0;0;0;0;0;0;0;0;0;0;0;0;0;0;0;0;-4;4;107105;6;1;0;0;0;0;0;0;0;0;0;0;0;0;0;0;0
-6;-666;-1111;20;1;0;0;0;0;0;0;0;0;0;0;0;0;0;0;0;0;0;0;0;0;0;0;0;0;0;-4;44;105107108;20;1;0;0;0;0;0;0;0;0;0;0;0;0;0;0;0
-6;-66;-111;21;1;0;0;0;0;0;0;0;0;0;0;0;0;0;0;0;0;0;0;0;0;0;0;0;0;0;-4;0;107;21;1;0;0;0;0;0;0;0;0;0;0;0;0;0;0;0
0;0;0;0;0;0;0;0;0;0;0;0;0;0;0;0;0;0;0;0;0;0;0;0;0;0;0;0;0;0;-4;0;107;6;1;0;0;0;0;0;0;0;0;0;0;0;0;0;0;0
0;0;0;0;0;0;0;0;0;0;0;0;0;0;0;0;0;0;0;0;0;0;0;0;0;0;0;0;0;0;0;0;0;0;0;0;0;0;0;0;0;0;0;6;1;0;0;0;0;0
0;0;0;0;0;0;0;0;0;0;0;0;0;0;0;0;0;0;0;0;0;0;0;0;0;0;0;0;0;0;-4;0;107;6;1;0;0;0;0;0;0;0;0;0;0;0;0;0;0;0
0;0;0;0;0;0;0;0;0;0;0;0;0;0;0;0;0;0;0;0;0;0;0;0;0;0;0;0;0;0;0;0;0;0;0;0;0;0;0;0;0;0;0;6;1;0;0;0;0;0
0;0;0;0;0;0;0;0;0;0;0;0;0;0;0;0;0;0;0;0;0;0;0;0;0;0;0;0;0;0;-4;0;107;6;1;0;0;0;0;0;0;0;0;0;0;0;0;0;0;0
0;0;0;0;0;0;0;0;0;0;0;0;0;0;0;0;0;0;0;0;0;0;0;0;0;0;0;0;0;0;0;0;0;0;0;0;0;0;0;0;0;0;0;6;1;0;0;0;0;0
0;0;0;0;0;0;0;0;0;0;0;0;0;0;0;0;0;0;0;0;0;0;0;0;0;0;0;0;0;0;0;0;0;0;0;0;0;0;0;0;0;0;0;7;1;0;0;0;0;0
0;0;0;0;0;0;0;0;0;0;0;0;0;0;0;0;0;0;0;0;0;0;0;0;0;0;0;0;0;0;0;0;0;0;0;0;0;0;0;0;0;0;0;7;1;0;0;0;0;0
0;0;0;0;0;0;0;0;0;0;0;0;0;0;0;0;0;0;0;0;0;0;0;0;0;0;0;0;0;0;0;0;0;0;0;0;0;0;0;0;0;0;0;22;1;0;0;0;0;0
0;0;0;0;0;0;0;0;0;0;0;0;0;0;0;0;0;0;0;0;0;0;0;0;0;0;0;0;0;0;0;0;0;0;0;0;0;0;0;0;0;0;0;0;0;0;0;0;0;0
0;0;0;0;0;0;0;0;0;0;0;0;0;0;0;0;0;0;0;0;0;0;0;0;0;0;0;0;0;0;0;0;0;0;0;0;0;0;0;0;0;0;0;0;0;0;0;0;0;0
0;0;0;0;0;0;0;0;0;0;0;0;0;0;0;0;0;0;0;0;0;0;0;0;0;0;0;0;0;0;0;0;0;0;0;0;0;0;0;0;0;0;0;6;1;0;0;0;0;0
0;0;0;0;0;-6;0;-1;6;1;0;0;0;0;0;0;0;0;0;0;0;0;0;0;0;0;0;0;0;0;0;0;0;0;0;0;0;0;0;0;0;0;0;0;0;0;0;0;0;0
0;0;0;0;0;-6;0;-1;6;1;0;0;0;0;0;0;0;0;0;0;0;0;0;0;0;0;0;0;0;0;0;0;0;0;0;0;0;0;0;0;0;0;0;0;0;0;0;0;0;0
0;0;0;0;0;0;0;0;0;0;-6;0;-1;6;1;0;0;0;0;0;0;0;0;0;0;0;0;0;0;0;0;0;0;0;0;0;0;0;0;0;0;0;0;0;0;0;0;0;0;0
0;0;0;0;0;0;0;0;0;0;0;0;0;0;0;0;0;0;0;0;0;0;0;0;0;0;0;0;0;0;-4;4;107110;6;1;0;0;0;0;0;0;0;0;0;0;0;0;0;0;0
-6;0;-1;10;1;0;0;0;0;0;0;0;0;0;0;0;0;0;0;0;0;0;0;0;0;0;0;0;0;0;-4;444;103110232;10;1;0;0;0;0;0;0;0;0;0;0;0;0;0;0;0
-6;0;-1;10;1;0;0;0;0;0;0;0;0;0;0;0;0;0;0;0;0;0;0;0;0;0;0;0;0;0;-4;44;107212;10;1;0;0;0;0;0;0;0;0;0;0;0;0;0;0;0
0;0;0;0;0;0;0;0;0;0;0;0;0;0;0;0;0;0;0;0;0;0;0;0;0;0;0;0;0;0;0;0;0;0;0;0;0;0;0;0;0;0;0;0;0;-4;0;100;6;1
0;0;0;0;0;0;0;0;0;0;-6;0;-1;6;1;0;0;0;0;0;0;0;0;0;0;0;0;0;0;0;0;0;0;0;0;0;0;0;0;0;0;0;0;0;0;-4;0;100;6;1
-6;-66;-111;18;1;0;0;0;0;0;0;0;0;0;0;0;0;0;0;0;0;0;0;0;0;0;0;0;0;0;-4;4;114107;18;1;0;0;0;0;0;0;0;0;0;0;0;0;0;0;0
0;0;0;0;0;0;0;0;0;0;0;0;0;0;0;0;0;0;0;0;0;0;0;0;0;0;0;0;0;0;-4;44;126114129;6;1;0;0;0;0;0;0;0;0;0;0;0;0;0;0;0
0;0;0;0;0;0;0;0;0;0;0;0;0;0;0;0;0;0;0;0;0;0;0;0;0;0;0;0;0;0;-4;0;115;6;1;0;0;0;0;0;0;0;0;0;0;0;0;0;0;0
0;0;0;0;0;0;0;0;0;0;0;0;0;0;0;0;0;0;0;0;0;0;0;0;0;0;0;0;0;0;0;0;0;0;0;0;0;0;0;0;0;0;0;6;1;0;0;0;0;0
0;0;0;0;0;0;0;0;0;0;0;0;0;0;0;0;0;0;0;0;0;0;0;0;0;0;0;0;0;0;0;0;0;0;0;0;0;0;0;0;0;0;0;2;1;0;0;0;0;0
0;0;0;0;0;0;0;0;0;0;0;0;0;0;0;0;0;0;0;0;0;0;0;0;0;0;0;0;0;0;0;0;0;0;0;0;0;0;0;0;0;0;0;2;1;0;0;0;0;0
0;0;0;0;0;0;0;0;0;0;0;0;0;0;0;0;0;0;0;0;0;0;0;0;0;0;0;0;0;0;0;0;0;0;0;0;0;0;0;0;0;0;0;6;1;0;0;0;0;0
0;0;0;0;0;0;0;0;0;0;-6;0;-1;2;1;0;0;0;0;0;0;0;0;0;0;0;0;0;0;0;0;0;0;0;0;0;0;0;0;0;0;0;0;0;0;0;0;0;0;0
0;0;0;0;0;0;0;0;0;0;0;0;0;0;0;0;0;0;0;0;0;0;0;0;0;0;0;0;0;0;0;0;0;0;0;0;0;0;0;0;0;0;0;2;1;0;0;0;0;0
0;0;0;0;0;0;0;0;0;0;0;0;0;0;0;0;0;0;0;0;0;0;0;0;0;0;0;0;0;0;4;0;1;7;1;0;0;0;0;0;0;0;0;0;0;0;0;0;0;0
0;0;0;0;0;0;0;0;0;0;-6;0;-1;2;1;0;0;0;0;0;0;0;0;0;0;0;0;0;0;0;0;0;0;0;0;0;0;0;0;0;0;0;0;0;0;0;0;0;0;0
0;0;0;0;0;-6;0;-1;2;1;0;0;0;0;0;0;0;0;0;0;0;0;0;0;0;0;0;0;0;0;0;0;0;0;0;0;0;0;0;0;0;0;0;0;0;0;0;0;0;0
0;0;0;0;0;-6;0;-1;2;1;0;0;0;0;0;0;0;0;0;0;0;0;0;0;0;0;0;0;0;0;0;0;0;0;0;0;0;0;0;0;0;0;0;0;0;0;0;0;0;0
0;0;0;0;0;-6;0;-1;7;1;0;0;0;0;0;0;0;0;0;0;0;0;0;0;0;0;0;0;0;0;0;0;0;0;0;0;0;0;0;0;0;0;0;0;0;0;0;0;0;0
0;0;0;0;0;0;0;0;0;0;0;0;0;0;0;0;0;0;0;0;0;0;0;0;0;0;0;0;0;0;0;0;0;0;0;0;0;0;0;0;0;0;0;0;0;-4;0;100;7;1
0;0;0;0;0;0;0;0;0;0;-6;0;-1;6;1;0;0;0;0;0;0;0;0;0;0;0;0;0;0;0;0;0;0;0;0;0;0;0;0;0;0;0;0;0;0;-4;0;100;6;1
0;0;0;0;0;0;0;0;0;0;0;0;0;0;0;0;0;0;0;0;0;0;0;0;0;0;0;0;0;0;-4;0;119;6;1;0;0;0;0;0;0;0;0;0;0;0;0;0;0;0
0;0;0;0;0;0;0;0;0;0;0;0;0;0;0;0;0;0;0;0;0;0;0;0;0;0;0;0;0;0;-4;4;150154;6;1;0;0;0;0;0;0;0;0;0;0;0;0;0;0;0
0;0;0;0;0;-6;0;-1;6;1;0;0;0;0;0;0;0;0;0;0;0;0;0;0;0;0;0;0;0;0;0;0;0;0;0;0;0;0;0;0;0;0;0;0;0;0;0;0;0;0
0;0;0;0;0;-6;0;-1;6;1;0;0;0;0;0;0;0;0;0;0;0;0;0;0;0;0;0;0;0;0;0;0;0;0;0;0;0;0;0;0;0;0;0;0;0;0;0;0;0;0
0;0;0;0;0;-6;0;-1;7;1;0;0;0;0;0;0;0;0;0;0;0;0;0;0;0;0;0;0;0;0;0;0;0;0;0;0;0;0;0;0;0;0;0;0;0;0;0;0;0;0
0;0;0;0;0;-6;0;-1;6;1;0;0;0;0;0;0;0;0;0;0;0;0;0;0;0;0;0;0;0;0;0;0;0;0;0;0;0;0;0;0;0;0;0;0;0;0;0;0;0;0
0;0;0;0;0;-6;0;-1;7;1;0;0;0;0;0;0;0;0;0;0;0;0;0;0;0;0;0;0;0;0;0;0;0;0;0;0;0;0;0;0;0;0;0;0;0;0;0;0;0;0
0;0;0;0;0;0;0;0;0;0;-6;0;-1;6;1;0;0;0;0;0;0;0;0;0;0;0;0;0;0;0;0;0;0;0;0;0;0;0;0;0;0;0;0;0;0;-4;0;100;6;1
-6;-6;-11;24;1;0;0;0;0;0;0;0;0;0;0;0;0;0;0;0;0;0;0;0;0;0;0;0;0;0;-4;44;148124;24;1;0;0;0;0;0;0;0;0;0;0;0;0;0;0;0
0;0;0;0;0;0;0;0;0;0;0;0;0;0;0;0;0;0;0;0;0;0;0;0;0;0;0;0;0;0;-4;444;148187164150.0;6;1;0;0;0;0;0;0;0;0;0;0;0;0;0;0;0
0;0;0;0;0;0;0;0;0;0;0;0;0;0;0;0;0;0;0;0;0;0;0;0;0;0;0;0;0;0;-4;444;148119124;7;1;0;0;0;0;0;0;0;0;0;0;0;0;0;0;0
0;0;0;0;0;0;0;0;0;0;0;0;0;0;0;0;0;0;0;0;-4;0;102;7;1;0;0;0;0;0;-4;0;143;7;1;0;0;0;0;0;0;0;0;0;0;0;0;0;0;0
0;0;0;0;0;0;0;0;0;0;-6;0;-1;6;1;0;0;0;0;0;0;0;0;0;0;0;0;0;0;0;0;0;0;0;0;0;0;0;0;0;0;0;0;0;0;-4;0;100;6;1
0;0;0;0;0;0;0;0;0;0;0;0;0;0;0;0;0;0;0;0;0;0;0;0;0;0;0;0;0;0;-4;4444;150120121119143.0;6;1;0;0;0;0;0;0;0;0;0;0;0;0;0;0;0
0;0;0;0;0;0;0;0;0;0;-6;0;-1;7;1;0;0;0;0;0;0;0;0;0;0;0;0;0;0;0;0;0;0;0;0;0;0;0;0;0;0;0;0;0;0;-4;0;100;7;1
-6;0;-1;7;1;0;0;0;0;0;0;0;0;0;0;0;0;0;0;0;0;0;0;0;0;0;0;0;0;0;0;0;0;0;0;0;0;0;0;0;0;0;0;0;0;-4;0;100;7;1
0;0;0;0;0;0;0;0;0;0;0;0;0;0;0;0;0;0;0;0;0;0;0;0;0;0;0;0;0;0;0;0;0;0;0;0;0;0;0;0;0;0;0;0;0;-4;0;100;7;1
0;0;-1;7;1;0;0;0;0;0;0;0;0;0;0;0;0;0;0;0;0;0;0;0;0;0;0;0;0;0;0;0;0;0;0;0;0;0;0;0;0;0;0;0;0;-4;0;100;7;1
0;0;-1;7;1;0;0;0;0;0;0;0;0;0;0;0;0;0;0;0;0;0;0;0;0;0;0;0;0;0;0;0;0;0;0;0;0;0;0;0;0;0;0;0;0;-4;0;100;7;1
0;0;0;0;0;0;0;0;0;0;0;0;0;0;0;-4;0;104;2;1;0;0;0;0;0;0;0;0;0;0;-4;4;125150;2;1;0;0;0;0;0;0;0;0;0;0;-4;0;100;2;1
0;0;0;0;0;-2;0;-1;7;1;-2;0;-1;97;2;0;0;0;0;0;0;0;0;0;0;0;0;0;0;0;-4;444;120202124;7;1;0;0;0;0;0;0;0;0;0;0;0;0;0;0;0
0;0;0;0;0;-6;0;-1;56;2;-2;0;-1;6;1;0;0;0;0;0;-4;0;105105;66;2;0;0;0;0;0;-4;0;1.2612723312723312e+17;6666;4;0;0;0;0;0;0;0;0;0;0;-4;0;100;6;1
0;0;0;0;0;0;0;0;0;0;0;0;0;0;0;0;0;0;0;0;0;0;0;0;0;0;0;0;0;0;0;0;0;0;0;0;0;0;0;0;0;0;0;0;0;-4;0;100;9;1
0;0;0;0;0;0;0;0;0;0;0;0;0;0;0;0;0;0;0;0;0;0;0;0;0;0;0;0;0;0;0;0;0;0;0;0;0;0;0;0;0;0;0;0;0;-4;0;100;6;1
0;0;0;0;0;-4;0;-1;25;1;0;0;0;0;0;0;0;0;0;0;0;0;0;0;0;0;0;0;0;0;-4;0;150150129;2525;2;0;0;0;0;0;0;0;0;25;1;0;0;0;0;0
0;0;0;0;0;-9;0;-1;26;1;0;0;0;0;0;0;0;0;0;0;0;0;0;0;0;0;0;0;0;0;-4;0;202;26;1;0;0;0;0;0;0;0;0;26;1;0;0;0;0;0
0;0;0;0;0;-6;0;-1;27;1;0;0;0;0;0;0;0;0;0;0;0;0;0;0;0;0;0;0;0;0;0;0;0;0;0;0;0;0;0;0;0;0;0;27;1;0;0;0;0;0
0;0;0;0;0;-9;0;-1;287;2;0;0;0;0;0;0;0;0;0;0;0;0;0;0;0;0;0;0;0;0;-4;4;206148120164.0;287;2;0;0;0;0;0;0;0;0;287;2;-4;0;100;7;1
0;0;0;0;0;0;0;0;0;0;-6;0;-1;6;1;0;0;0;0;0;0;0;0;0;0;0;0;0;0;0;0;0;0;0;0;0;0;0;0;0;0;0;0;0;0;0;0;0;0;0
0;0;0;0;0;0;0;0;0;0;0;0;0;0;0;0;0;0;0;0;0;0;0;0;0;0;0;0;0;0;-4;0;104;6;1;0;0;0;0;0;0;0;0;0;0;-4;0;100;6;1
0;0;0;0;0;0;0;0;0;0;0;0;0;0;0;0;0;0;0;0;0;0;0;0;0;0;0;0;0;0;-4;0;107;6;1;0;0;0;0;0;0;0;0;0;0;-4;0;100;6;1
0;0;0;0;0;0;0;0;0;0;0;0;0;0;0;0;0;0;0;0;0;0;0;0;0;0;0;0;0;0;0;0;0;0;0;0;0;0;0;0;0;0;0;0;0;-4;0;100;6;1
0;0;-11;7;1;0;0;0;0;0;0;0;0;0;0;0;0;0;0;0;0;0;0;0;0;0;0;0;0;0;-4;0;133;7;1;0;0;0;0;0;0;0;0;0;0;0;0;0;0;0
0;0;0;0;0;0;0;0;0;0;0;0;0;0;0;0;0;0;0;0;0;0;0;0;0;0;0;0;0;0;-4;4;103130;2;1;0;0;0;0;0;0;0;0;0;0;0;0;0;0;0
0;0;0;0;0;0;0;0;0;0;0;0;0;0;0;0;0;0;0;0;0;0;0;0;0;0;0;0;0;0;-4;4;107213;2;1;0;0;0;0;0;0;0;0;0;0;0;0;0;0;0
0;0;0;0;0;0;0;0;0;0;0;0;0;0;0;0;0;0;0;0;-4;0;107;7;1;0;0;0;0;0;0;0;0;0;0;0;0;0;0;0;0;0;0;0;0;-4;0;100;7;1
0;0;0;0;0;0;0;0;0;0;0;0;0;0;0;0;0;0;0;0;-4;0;107;7;1;0;0;0;0;0;0;0;0;0;0;0;0;0;0;0;0;0;0;0;0;-4;0;100;7;1
0;0;0;0;0;0;0;0;0;0;0;0;0;0;0;0;0;0;0;0;0;0;0;0;0;0;0;0;0;0;-4;44;135187136;6;1;0;0;0;0;0;0;0;0;0;0;0;0;0;0;0
0;0;0;0;0;0;0;0;0;0;-6;0;-1;6;1;0;0;0;0;0;0;0;0;0;0;0;0;0;0;0;0;0;0;0;0;0;0;0;0;0;0;0;0;0;0;-4;0;100;6;1
0;0;0;0;0;0;0;0;0;0;0;0;0;0;0;0;0;0;0;0;0;0;0;0;0;0;0;0;0;0;0;0;0;0;0;0;0;0;0;0;0;0;0;6;1;0;0;0;0;0
0;0;0;0;0;0;0;0;0;0;0;0;0;0;0;0;0;0;0;0;0;0;0;0;0;0;0;0;0;0;-4;4;137114;6;1;0;0;0;0;0;0;0;0;0;0;0;0;0;0;0
0;0;0;0;0;0;0;0;0;0;0;0;0;0;0;0;0;0;0;0;0;0;0;0;0;0;0;0;0;0;-4;4;138134;2;1;0;0;0;0;0;0;0;0;0;0;0;0;0;0;0
0;0;0;0;0;0;0;0;0;0;-6;0;-1;7;1;0;0;0;0;0;0;0;0;0;0;0;0;0;0;0;0;0;0;0;0;0;0;0;0;0;0;0;0;0;0;0;0;0;0;0
0;0;0;0;0;0;0;0;0;0;0;0;0;0;0;0;0;0;0;0;0;0;0;0;0;0;0;0;0;0;-4;0;107;7;1;0;0;0;0;0;0;0;0;0;0;-4;0;100;7;1
0;0;-1;7;1;0;0;0;0;0;0;0;0;0;0;0;0;0;0;0;0;0;0;0;0;0;0;0;0;0;-4;44;234182140;7;1;0;0;0;0;0;0;0;0;0;0;0;0;0;0;0
0;0;-1;7;1;0;0;0;0;0;0;0;0;0;0;0;0;0;0;0;0;0;0;0;0;0;0;0;0;0;-4;4;234141;7;1;0;0;0;0;0;0;0;0;0;0;0;0;0;0;0
0;0;0;0;0;0;0;0;0;0;0;0;0;0;0;0;0;0;0;0;-4;0;108;7;1;0;0;0;0;0;-4;0;212;7;1;0;0;0;0;0;0;0;0;0;0;0;0;0;0;0
0;0;0;0;0;0;0;0;0;0;0;0;0;0;0;0;0;0;0;0;0;0;0;0;0;0;0;0;0;0;-4;444;130124;7;1;0;0;0;0;0;0;0;0;0;0;0;0;0;0;0
0;0;0;0;0;0;0;0;0;0;0;0;0;0;0;0;0;0;0;0;-4;0;110;7;1;0;0;0;0;0;0;0;0;0;0;0;0;0;0;0;0;0;0;0;0;0;0;0;0;0
0;0;-1;7;1;0;0;0;0;0;0;0;0;0;0;0;0;0;0;0;0;0;0;0;0;0;0;0;0;0;-4;444;138124138;7;1;0;0;0;0;0;0;0;0;0;0;0;0;0;0;0
0;0;0;0;0;0;0;0;0;0;0;0;0;0;0;0;0;0;0;0;0;0;0;0;0;0;0;0;0;0;-4;0;131138;77;2;0;0;0;0;0;0;0;0;0;0;0;0;0;0;0
0;0;0;0;0;0;0;0;0;0;0;0;0;0;0;0;0;0;0;0;-4;-4;111112;7;1;0;0;0;0;0;0;0;0;0;0;0;0;0;0;0;0;0;0;0;0;0;0;0;0;0
0;0;0;0;0;0;0;0;0;0;0;0;0;0;0;0;0;0;0;0;-4;0;113;7;1;0;0;0;0;0;0;0;0;0;0;0;0;0;0;0;0;0;0;0;0;-4;0;100;7;1
0;0;0;0;0;0;0;0;0;0;0;0;0;0;0;0;0;0;0;0;-4;0;113;7;1;0;0;0;0;0;0;0;0;0;0;0;0;0;0;0;0;0;0;0;0;-4;0;100;7;1
0;0;0;0;0;0;0;0;0;0;0;0;0;0;0;0;0;0;0;0;0;0;0;0;0;0;0;0;0;0;-4;4;150138;6;1;0;0;0;0;0;0;0;0;0;0;0;0;0;0;0
0;0;0;0;0;-9;0;-1;6;1;0;0;0;0;0;0;0;0;0;0;0;0;0;0;0;0;0;0;0;0;-4;44;234143140;6;1;0;0;0;0;0;0;0;0;0;0;0;0;0;0;0
0;0;0;0;0;0;0;0;0;0;0;0;0;0;0;0;0;0;0;0;0;0;0;0;0;0;0;0;0;0;0;0;0;0;0;0;0;0;0;0;0;0;0;0;0;0;0;0;0;0
0;0;0;0;0;0;0;0;0;0;0;0;0;0;0;0;0;0;0;0;0;0;0;0;0;0;0;0;0;0;0;0;0;0;0;0;0;0;0;0;0;0;0;14;1;0;0;0;0;0
-6;-6;-11;16;1;-9;0;-1;16;1;0;0;0;0;0;0;0;0;0;0;0;0;0;0;0;0;0;0;0;0;-4;0;0;16;1;0;0;0;0;0;0;0;0;0;0;0;0;0;0;0
0;0;0;0;0;-9;0;-1;6;1;0;0;0;0;0;0;0;0;0;0;0;0;0;0;0;0;0;0;0;0;-4;4;107;6;1;0;0;0;0;0;0;0;0;0;0;0;0;0;0;0
-6;-66;-111;18;1;0;0;0;0;0;0;0;0;0;0;0;0;0;0;0;0;0;0;0;0;0;0;0;0;0;-4;4444;128182114128144.0;18;1;0;0;0;0;0;0;0;0;0;0;0;0;0;0;0
-6;-66;-111;17;1;0;0;0;0;0;0;0;0;0;0;0;0;0;0;0;0;0;0;0;0;0;0;0;0;0;-4;4;144145;17;1;0;0;0;0;0;0;0;0;0;0;0;0;0;0;0
-6;-66;-111;15;1;0;0;0;0;0;0;0;0;0;0;0;0;0;0;0;0;0;0;0;0;0;0;0;0;0;-4;4;139144;15;1;0;0;0;0;0;0;0;0;0;0;0;0;0;0;0
-6;-666;-1111;19;1;0;0;0;0;0;0;0;0;0;0;0;0;0;0;0;0;0;0;0;0;0;0;0;0;0;-4;4;139142;19;1;0;0;0;0;0;0;0;0;0;0;0;0;0;0;0
0;0;0;0;0;0;0;0;0;0;0;0;0;0;0;0;0;0;0;0;0;0;0;0;0;0;0;0;0;0;-4;444;137105103128.0;9;1;0;0;0;0;0;0;0;0;0;0;0;0;0;0;0
0;0;0;0;0;0;0;0;0;0;0;0;0;0;0;0;0;0;0;0;0;0;0;0;0;0;0;0;0;0;-4;0;144;9;1;0;0;0;0;0;0;0;0;0;0;0;0;0;0;0
-6;0;-1;29;1;0;0;0;0;0;0;0;0;0;0;-4;0;115;29;1;0;0;0;0;0;0;0;0;0;0;0;0;0;0;0;0;0;0;0;0;0;0;0;0;0;0;0;0;0;0
0;0;0;0;0;0;0;0;0;0;0;0;0;0;0;0;0;0;0;0;0;0;0;0;0;-4;0;0;7;1;-4;44;1.1314416414614712e+17;76;2;0;0;0;0;0;0;0;0;0;0;0;0;0;0;0
0;0;0;0;0;0;0;0;0;0;0;0;0;0;0;0;0;0;0;0;0;0;0;0;0;0;0;0;0;0;-4;4;148154;2;1;0;0;0;0;0;0;0;0;0;0;0;0;0;0;0
0;0;0;0;0;0;0;0;0;0;0;0;0;0;0;0;0;0;0;0;0;0;0;0;0;0;0;0;0;0;-4;4;144149;2;1;0;0;0;0;0;0;0;0;0;0;0;0;0;0;0
0;0;0;0;0;0;0;0;0;0;0;0;0;0;0;0;0;0;0;0;0;0;0;0;0;0;0;0;0;0;-4;44;150148121;6;1;0;0;0;0;0;0;0;0;0;0;0;0;0;0;0
0;0;0;0;0;0;0;0;0;0;0;0;0;0;0;0;0;0;0;0;0;0;0;0;0;0;0;0;0;0;-4;4;202150;6;1;0;0;0;0;0;0;0;0;0;0;0;0;0;0;0
0;0;0;0;0;0;0;0;0;0;0;0;0;0;0;0;0;0;0;0;0;0;0;0;0;0;0;0;0;0;-4;0;128;6;1;0;0;0;0;0;0;0;0;0;0;0;0;0;0;0
-6;-66;-111;30;1;0;0;0;0;0;0;0;0;0;0;0;0;0;0;0;0;0;0;0;0;0;0;0;0;0;-4;44;128141151;30;1;0;0;0;0;0;0;0;0;0;0;0;0;0;0;0
-6;-66;-111;31;1;0;0;0;0;0;0;0;0;0;0;0;0;0;0;0;0;0;0;0;0;0;0;0;0;0;-4;4;107152;31;1;0;0;0;0;0;0;0;0;0;0;0;0;0;0;0
0;0;0;0;0;0;0;0;0;0;0;0;0;0;0;0;0;0;0;0;0;0;0;0;0;0;0;0;0;0;0;0;0;0;0;0;0;0;0;0;0;0;0;0;0;0;0;0;0;0
0;0;0;0;0;0;0;0;0;0;0;0;0;0;0;0;0;0;0;0;0;0;0;0;0;0;0;0;0;0;0;0;0;0;0;0;0;0;0;0;0;0;0;32;1;0;0;0;0;0
-6;-6;-11;16;1;-9;0;-1;16;1;0;0;0;0;0;0;0;0;0;0;0;0;0;0;0;0;0;0;0;0;-4;0;0;16;1;0;0;0;0;0;0;0;0;0;0;0;0;0;0;0
0;0;0;0;0;-9;0;-1;6;1;0;0;0;0;0;0;0;0;0;0;0;0;0;0;0;0;0;0;0;0;-4;4;0;6;1;0;0;0;0;0;0;0;0;0;0;-4;0;100;6;1
0;0;0;0;0;0;0;0;0;0;0;0;0;0;0;0;0;0;0;0;0;0;0;0;0;0;0;0;0;0;-4;4444;110128153140154.0;6;1;0;0;0;0;0;0;0;0;0;0;0;0;0;0;0
-6;-66;-111;18;1;0;0;0;0;0;0;0;0;0;0;0;0;0;0;0;0;0;0;0;0;0;0;0;0;0;-4;4444444;1.5511415612814413e+23;18;1;0;0;0;0;0;0;0;0;0;0;0;0;0;0;0
-6;-66;-111;17;1;0;0;0;0;0;0;0;0;0;0;0;0;0;0;0;0;0;0;0;0;0;0;0;0;0;-4;44;154157154;17;1;0;0;0;0;0;0;0;0;0;0;0;0;0;0;0
-6;-66;-111;15;1;0;0;0;0;0;0;0;0;0;0;0;0;0;0;0;0;0;0;0;0;0;0;0;0;0;-4;4;158154;15;1;0;0;0;0;0;0;0;0;0;0;0;0;0;0;0
-6;-666;-1111;19;1;0;0;0;0;0;0;0;0;0;0;0;0;0;0;0;0;0;0;0;0;0;0;0;0;0;-4;4;158159;19;1;0;0;0;0;0;0;0;0;0;0;0;0;0;0;0
0;0;0;0;0;0;0;0;0;0;0;0;0;0;0;0;0;0;0;0;0;0;0;0;0;0;0;0;0;0;-4;4444;160105143153161.0;9;1;0;0;0;0;0;0;0;0;0;0;-4;0;100;9;1
0;0;0;0;0;0;0;0;0;0;0;0;0;0;0;0;0;0;0;0;0;0;0;0;0;0;0;0;0;0;-4;0;154;9;1;0;0;0;0;0;0;0;0;0;0;0;0;0;0;0
-6;0;-1;29;1;0;0;0;0;0;0;0;0;0;0;-4;0;117;29;1;0;0;0;0;0;0;0;0;0;0;0;0;0;0;0;0;0;0;0;0;0;0;0;0;0;0;0;0;0;0
0;0;0;0;0;-9;0;-1;6;1;0;0;0;0;0;0;0;0;0;0;0;0;0;0;0;-4;0;0;7;1;-4;44;1.1315414915016315e+17;76;2;0;0;0;0;0;0;0;0;0;0;0;0;0;0;0
0;0;0;0;0;0;0;0;0;0;0;0;0;0;0;0;0;0;0;0;0;0;0;0;0;0;0;0;0;0;-4;44;150164187;6;1;0;0;0;0;0;0;0;0;0;0;0;0;0;0;0
0;0;0;0;0;0;0;0;0;0;0;0;0;0;0;0;0;0;0;0;0;0;0;0;0;0;0;0;0;0;-4;4;202165;6;1;0;0;0;0;0;0;0;0;0;0;0;0;0;0;0
0;0;0;0;0;0;0;0;0;0;0;0;0;0;0;0;0;0;0;0;0;0;0;0;0;0;0;0;0;0;-4;4;166154;2;1;0;0;0;0;0;0;0;0;0;0;0;0;0;0;0
0;0;0;0;0;0;0;0;0;0;0;0;0;0;0;0;0;0;0;0;0;0;0;0;0;0;0;0;0;0;-4;4;154167;2;1;0;0;0;0;0;0;0;0;0;0;0;0;0;0;0
-6;-66;-111;31;1;0;0;0;0;0;0;0;0;0;0;0;0;0;0;0;0;0;0;0;0;0;0;0;0;0;-4;444;155110168169.0;31;1;0;0;0;0;0;0;0;0;0;0;0;0;0;0;0
-6;-66;-111;30;1;0;0;0;0;0;0;0;0;0;0;0;0;0;0;0;0;0;0;0;0;0;0;0;0;0;-4;4;107170;30;1;0;0;0;0;0;0;0;0;0;0;0;0;0;0;0
0;0;0;0;0;0;0;0;0;0;0;0;0;0;0;0;0;0;0;0;0;0;0;0;0;0;0;0;0;0;-4;0;170;6;1;0;0;0;0;0;0;0;0;0;0;0;0;0;0;0
0;0;0;0;0;0;0;0;0;0;0;0;0;0;0;0;0;0;0;0;0;0;0;0;0;0;0;0;0;0;0;0;0;0;0;0;0;0;0;0;0;0;0;0;0;-4;0;100;6;1
0;0;0;0;0;0;0;0;0;0;0;0;0;0;0;0;0;0;0;0;0;0;0;0;0;0;0;0;0;0;0;0;0;0;0;0;0;0;0;0;0;0;0;0;0;-4;0;100;6;1
0;0;0;0;0;0;0;0;0;0;0;0;0;0;0;0;0;0;0;0;0;0;0;0;0;0;0;0;0;0;0;0;0;0;0;0;0;0;0;0;0;0;0;0;0;-4;0;100;6;1
0;0;0;0;0;0;0;0;0;0;0;0;0;0;0;0;0;0;0;0;0;0;0;0;0;0;0;0;0;0;0;0;0;0;0;0;0;0;0;0;0;0;0;0;0;-4;0;100;6;1
-2;-22;-111;307;2;0;0;0;0;0;0;0;0;0;0;-4;-4;139123;6;1;0;0;0;0;0;-4;0;122;7;1;-4;4;1.5415417117217315e+20;762;3;0;0;0;0;0;0;0;0;0;0;0;0;0;0;0
-6;-66;-111;31;1;0;0;0;0;0;0;0;0;0;0;0;0;0;0;0;0;0;0;0;0;0;0;0;0;0;-4;4;144175;31;1;0;0;0;0;0;0;0;0;0;0;0;0;0;0;0
-6;-66;-111;30;1;0;0;0;0;0;0;0;0;0;0;0;0;0;0;0;0;0;0;0;0;0;0;0;0;0;-4;44444;1.761751581401442e+17;30;1;0;0;0;0;0;0;0;0;0;0;0;0;0;0;0
-6;-66;-111;31;1;0;0;0;0;0;0;0;0;0;0;0;0;0;0;0;0;0;0;0;0;0;0;0;0;0;-4;4;154178;31;1;0;0;0;0;0;0;0;0;0;0;0;0;0;0;0
-2;0;1;7;1;-11;0;-1;33772;4;-2;0;-1;33;1;0;0;0;0;0;0;0;0;0;0;0;0;0;0;0;-4;0;103235180206181.0;33772;4;8;0;1;7;1;0;0;0;0;0;-4;0;100;7;1
0;0;0;0;0;0;0;-1;34;1;0;0;0;0;0;0;0;0;0;0;0;0;0;0;0;0;0;0;0;0;-4;0;0;34;1;0;0;0;0;0;0;0;0;0;0;0;0;0;0;0
0;0;0;0;0;-11;0;-1;35;1;0;0;0;0;0;0;0;0;0;0;0;0;0;0;0;0;0;0;0;0;-4;4;182183;35;1;8;0;1;35;1;0;0;0;0;0;0;0;0;0;0
0;0;0;0;0;0;0;-1;36;1;0;0;0;0;0;0;0;0;0;0;0;0;0;0;0;0;0;0;0;0;-4;0;137184124169.01071;3622;3;0;0;0;0;0;0;0;0;0;0;0;0;0;0;0
-14;0;-1;7;1;0;0;-1;77;2;0;0;0;0;0;-4;0;109;6;1;0;0;0;0;0;0;0;0;0;0;-4;4444;148185186187.0;6;1;0;0;0;0;0;0;0;0;0;0;0;0;0;0;0
-14;0;-1;7;1;0;0;-1;77;2;0;0;0;0;0;-4;0;109;6;1;0;0;0;0;0;0;0;0;0;0;-4;44444;148188187189187.0;6;1;0;0;0;0;0;0;0;0;0;0;0;0;0;0;0
0;0;0;0;0;0;0;0;0;0;-6;0;-1;6;1;0;0;0;0;0;0;0;0;0;0;0;0;0;0;0;0;0;0;0;0;0;0;0;0;0;0;0;0;0;0;0;0;0;0;0
0;0;0;0;0;0;0;0;0;0;0;0;0;0;0;0;0;0;0;0;0;0;0;0;0;0;0;0;0;0;0;0;0;0;0;0;0;0;0;0;0;0;0;6;1;0;0;0;0;0
0;0;0;0;0;0;0;0;0;0;-6;0;-1;6;1;0;0;0;0;0;0;0;0;0;0;0;0;0;0;0;0;0;0;0;0;0;0;0;0;0;0;0;0;0;0;0;0;0;0;0
0;0;0;0;0;0;0;0;0;0;0;0;0;0;0;0;0;0;0;0;0;0;0;0;0;0;0;0;0;0;0;0;0;0;0;0;0;0;0;0;0;0;0;6;1;0;0;0;0;0
0;0;0;0;0;0;0;0;0;0;-6;0;-1;6;1;0;0;0;0;0;0;0;0;0;0;0;0;0;0;0;0;0;0;0;0;0;0;0;0;0;0;0;0;0;0;0;0;0;0;0
0;-66;-111;7;1;0;0;0;0;0;-6;0;-1;7;1;0;0;0;0;0;0;0;0;0;0;0;0;0;0;0;-4;0;190;7;1;0;0;0;0;0;0;0;0;0;0;0;0;0;0;0
0;-66;-111;7;1;0;0;0;0;0;-6;0;-1;7;1;0;0;0;0;0;0;0;0;0;0;0;0;0;0;0;-4;0;190;7;1;0;0;0;0;0;0;0;0;0;0;0;0;0;0;0
0;-6;-11;7;1;0;0;0;0;0;0;0;0;0;0;0;0;0;0;0;0;0;0;0;0;0;0;0;0;0;0;0;0;0;0;0;0;0;0;0;0;0;0;0;0;0;0;0;0;0
0;0;0;0;0;0;0;0;0;0;0;0;0;0;0;0;0;0;0;0;0;0;0;0;0;0;0;0;0;0;0;0;0;0;0;0;0;0;0;0;0;0;0;7;1;0;0;0;0;0
0;0;0;0;0;0;0;0;0;0;0;0;0;0;0;0;0;0;0;0;0;0;0;0;0;0;0;0;0;0;0;0;0;0;0;0;0;0;0;0;0;0;0;7;1;0;0;0;0;0
0;0;0;0;0;0;0;0;0;0;0;0;0;0;0;0;0;0;0;0;0;0;0;0;0;0;0;0;0;0;0;0;0;0;0;0;0;0;0;0;0;0;0;22;1;0;0;0;0;0
0;0;0;0;0;0;0;0;0;0;0;0;0;0;0;0;0;0;0;0;0;0;0;0;0;0;0;0;0;0;0;0;0;0;0;0;0;0;0;0;0;0;0;0;0;0;0;0;0;0
0;0;0;0;0;0;0;0;0;0;0;0;0;0;0;0;0;0;0;0;0;0;0;0;0;0;0;0;0;0;0;0;0;0;0;0;0;0;0;0;0;0;0;0;0;-4;0;100;13;1
0;0;0;0;0;0;0;0;0;0;0;0;0;0;0;0;0;0;0;0;0;0;0;0;0;0;0;0;0;0;0;0;0;0;0;0;0;0;0;0;0;0;0;6;1;0;0;0;0;0
0;0;0;0;0;0;0;0;0;0;0;0;0;0;0;0;0;0;0;0;0;0;0;0;0;0;0;0;0;0;0;0;0;0;0;0;0;0;0;0;0;0;0;0;0;-4;0;100;6;1
0;0;0;0;0;0;0;0;0;0;-6;0;-1;6;1;0;0;0;0;0;0;0;0;0;0;0;0;0;0;0;-4;4444;192143181124.0;6;1;0;0;0;0;0;0;0;0;0;0;0;0;0;0;0
0;0;0;0;0;0;0;0;0;0;0;0;0;0;0;0;0;0;0;0;0;0;0;0;0;0;0;0;0;0;-4;4;107193;6;1;0;0;0;0;0;0;0;0;0;0;0;0;0;0;0
-6;0;-1;14;1;0;0;0;0;0;0;0;0;0;0;0;0;0;0;0;0;0;0;0;0;0;0;0;0;0;-4;4;194195;14;1;0;0;0;0;0;0;0;0;0;0;0;0;0;0;0
-6;-6;-11;16;1;0;0;0;0;0;-6;0;-1;16;1;0;0;0;0;0;0;0;0;0;0;0;0;0;0;0;-4;4444;196192124;16;1;0;0;0;0;0;0;0;0;0;0;0;0;0;0;0
-6;-66;-111;30;1;0;0;0;0;0;-6;0;-1;30;1;0;0;0;0;0;0;0;0;0;0;0;0;0;0;0;-4;4;182117;30;1;0;0;0;0;0;0;0;0;0;0;0;0;0;0;0
-6;-66;-111;31;1;0;0;0;0;0;0;0;0;0;0;0;0;0;0;0;0;0;0;0;0;0;0;0;0;0;-4;4;197198;31;1;0;0;0;0;0;0;0;0;0;0;0;0;0;0;0
-2;-2;-11;30;1;0;0;0;0;0;-6;0;-1;6;1;0;0;0;0;0;0;0;0;0;0;0;0;0;0;0;-4;0;195192110117.0;306;2;0;0;0;0;0;0;0;0;0;0;0;0;0;0;0
-6;-66;-111;31;1;0;0;0;0;0;0;0;0;0;0;0;0;0;0;0;0;0;0;0;0;0;0;0;0;0;-4;4;197199;31;1;0;0;0;0;0;0;0;0;0;0;0;0;0;0;0
-6;-66;-111;17;1;0;0;0;0;0;-6;0;-1;17;1;0;0;0;0;0;0;0;0;0;0;0;0;0;0;0;-4;444;192198124;17;1;0;0;0;0;0;0;0;0;0;0;0;0;0;0;0
-6;-66;-111;15;1;0;0;0;0;0;0;0;0;0;0;0;0;0;0;0;0;0;0;0;0;0;0;0;0;0;-4;4;200197;15;1;0;0;0;0;0;0;0;0;0;0;0;0;0;0;0
-6;-66;-111;18;1;0;0;0;0;0;0;0;0;0;0;0;0;0;0;0;0;0;0;0;0;0;0;0;0;0;-4;4;200197;18;1;0;0;0;0;0;0;0;0;0;0;0;0;0;0;0
-6;-666;-1111;19;1;0;0;0;0;0;0;0;0;0;0;0;0;0;0;0;0;0;0;0;0;0;0;0;0;0;-4;4;200201;19;1;0;0;0;0;0;0;0;0;0;0;0;0;0;0;0
0;0;0;0;0;-6;0;-1;6;1;0;0;0;0;0;0;0;0;0;0;0;0;0;0;0;0;0;0;0;0;-4;0;195;6;1;0;0;0;0;0;0;0;0;0;0;0;0;0;0;0
0;0;0;0;0;-6;0;-1;6;1;0;0;0;0;0;0;0;0;0;0;0;0;0;0;0;0;0;0;0;0;-4;0;195;6;1;0;0;0;0;0;0;0;0;0;0;0;0;0;0;0
0;0;0;0;0;-6;0;-1;6;1;0;0;0;0;0;0;0;0;0;0;0;0;0;0;0;0;0;0;0;0;-4;0;195;6;1;0;0;0;0;0;0;0;0;0;0;0;0;0;0;0
0;0;0;0;0;0;0;0;0;0;0;0;0;0;0;0;0;0;0;0;-4;0;126;7;1;0;0;0;0;0;0;0;0;0;0;0;0;0;0;0;0;0;0;0;0;-4;0;100;7;1
0;0;0;0;0;0;0;0;0;0;0;0;0;0;0;0;0;0;0;0;-4;0;127;7;1;0;0;0;0;0;-4;0;197;7;1;0;0;0;0;0;0;0;0;0;0;0;0;0;0;0
0;0;0;0;0;0;0;0;0;0;0;0;0;0;0;0;0;0;0;0;0;0;0;0;0;0;0;0;0;0;-4;44;202203;6;1;0;0;0;0;0;0;0;0;0;0;0;0;0;0;0
0;0;0;0;0;0;0;0;0;0;0;0;0;0;0;0;0;0;0;0;0;0;0;0;0;0;0;0;0;0;-4;4;197204;6;1;0;0;0;0;0;0;0;0;0;0;0;0;0;0;0
0;0;-11;7;1;0;0;0;0;0;0;0;0;0;0;0;0;0;0;0;0;0;0;0;0;0;0;0;0;0;-4;44;2.042062072082092e+17;22;2;0;0;0;0;0;0;0;0;0;0;0;0;0;0;0
0;0;0;0;0;0;0;0;0;0;0;0;0;0;0;0;0;0;0;0;0;0;0;0;0;0;0;0;0;0;-4;444;148204210148.0;6;1;0;0;0;0;0;0;0;0;0;0;0;0;0;0;0
0;0;0;0;0;0;0;0;0;0;0;0;0;0;0;0;0;0;0;0;0;0;0;0;0;0;0;0;0;0;-4;444;148208210148.0;6;1;0;0;0;0;0;0;0;0;0;0;0;0;0;0;0
0;0;0;0;0;0;0;0;0;0;0;0;0;0;0;0;0;0;0;0;-4;0;126;7;1;0;0;0;0;0;-4;0;204;7;1;0;0;0;0;0;0;0;0;0;0;0;0;0;0;0
0;0;0;0;0;0;0;0;0;0;0;0;0;0;0;0;0;0;0;0;-4;0;126;7;1;0;0;0;0;0;-4;0;208;7;1;0;0;0;0;0;0;0;0;0;0;0;0;0;0;0
0;0;0;0;0;0;0;0;0;0;0;0;0;0;0;0;0;0;0;0;-4;0;126;7;1;0;0;0;0;0;-4;0;211;7;1;0;0;0;0;0;0;0;0;0;0;0;0;0;0;0
0;0;0;0;0;0;0;0;0;0;0;0;0;0;0;0;0;0;0;0;-4;0;126;7;1;0;0;0;0;0;-4;0;212;7;1;0;0;0;0;0;0;0;0;0;0;0;0;0;0;0
0;0;0;0;0;0;0;0;0;0;0;0;0;0;0;0;0;0;0;0;0;0;0;0;0;0;0;0;0;0;-4;444;135150204121.0;6;1;0;0;0;0;0;0;0;0;0;0;0;0;0;0;0
0;0;0;0;0;0;0;0;0;0;0;0;0;0;0;0;0;0;0;0;0;0;0;0;0;0;0;0;0;0;-4;444;135150208121.0;6;1;0;0;0;0;0;0;0;0;0;0;0;0;0;0;0
0;0;0;0;0;0;0;0;0;0;0;0;0;0;0;0;0;0;0;0;-4;0;126;7;1;0;0;0;0;0;-4;0;213;7;1;0;0;0;0;0;0;0;0;0;0;0;0;0;0;0
0;0;0;0;0;0;0;0;0;0;0;0;0;0;0;0;0;0;0;0;-4;0;126;7;1;0;0;0;0;0;-4;0;214;7;1;0;0;0;0;0;0;0;0;0;0;0;0;0;0;0
-6;0;-11;7;1;0;0;0;0;0;0;0;0;0;0;0;0;0;0;0;0;0;0;0;0;0;0;0;0;0;-4;4;215216;7;1;0;0;0;0;0;0;0;0;0;0;0;0;0;0;0
-6;0;-11;7;1;0;0;0;0;0;0;0;0;0;0;0;0;0;0;0;0;0;0;0;0;0;0;0;0;0;-4;4;197217;7;1;0;0;0;0;0;0;0;0;0;0;0;0;0;0;0
0;0;-11;7;1;0;0;0;0;0;0;0;0;0;0;0;0;0;0;0;0;0;0;0;0;0;0;0;0;0;-4;44;204164201216124.0;22;2;0;0;0;0;0;0;0;0;0;0;0;0;0;0;0
0;0;0;0;0;-6;0;-1;31;1;0;0;0;0;0;0;0;0;0;0;0;0;0;0;0;0;0;0;0;0;-4;4;155;31;1;0;0;0;0;0;0;0;0;0;0;0;0;0;0;0
-6;-66;-111;30;1;0;0;0;0;0;0;0;0;0;0;0;0;0;0;0;0;0;0;0;0;0;0;0;0;0;-4;4;197219;30;1;0;0;0;0;0;0;0;0;0;0;0;0;0;0;0
0;0;0;0;0;-6;0;-1;31;1;0;0;0;0;0;0;0;0;0;0;0;0;0;0;0;0;0;0;0;0;-4;4;155;31;1;0;0;0;0;0;0;0;0;0;0;0;0;0;0;0
-6;-66;-111;30;1;0;0;0;0;0;0;0;0;0;0;0;0;0;0;0;0;0;0;0;0;0;0;0;0;0;-4;4;197220;30;1;0;0;0;0;0;0;0;0;0;0;0;0;0;0;0
0;0;0;0;0;0;0;0;0;0;0;0;0;0;0;0;0;0;0;0;0;0;0;0;0;0;0;0;0;0;0;0;0;0;0;0;0;0;0;0;0;0;0;7;1;0;0;0;0;0
0;0;0;0;0;0;0;0;0;0;0;0;0;0;0;0;0;0;0;0;0;0;0;0;0;0;0;0;0;0;0;0;0;0;0;0;0;0;0;0;0;0;0;6;1;0;0;0;0;0
0;0;0;0;0;0;0;0;0;0;0;0;0;0;0;0;0;0;0;0;0;0;0;0;0;0;0;0;0;0;0;0;0;0;0;0;0;0;0;0;0;0;0;6;1;0;0;0;0;0
0;0;0;0;0;-6;0;-1;6;1;0;0;0;0;0;0;0;0;0;0;0;0;0;0;0;0;0;0;0;0;-4;0;221;6;1;0;0;0;0;0;0;0;0;0;0;0;0;0;0;0
0;0;0;0;0;0;0;0;0;0;0;0;0;0;0;0;0;0;0;0;0;0;0;0;0;0;0;0;0;0;-4;4;197222;6;1;0;0;0;0;0;0;0;0;0;0;0;0;0;0;0
0;0;0;0;0;-6;0;-1;7;1;0;0;0;0;0;0;0;0;0;0;0;0;0;0;0;0;0;0;0;0;0;0;0;0;0;0;0;0;0;0;0;0;0;0;0;0;0;0;0;0
0;0;0;0;0;0;0;0;0;0;-6;0;-1;6;1;0;0;0;0;0;0;0;0;0;0;0;0;0;0;0;-4;4;222215;6;1;0;0;0;0;0;0;0;0;0;0;0;0;0;0;0
0;0;0;0;0;0;0;0;0;0;-6;0;-1;6;1;0;0;0;0;0;0;0;0;0;0;0;0;0;0;0;-4;444;223192200;6;1;0;0;0;0;0;0;0;0;0;0;0;0;0;0;0
0;0;0;0;0;0;0;0;0;0;-6;0;-1;6;1;0;0;0;0;0;0;0;0;0;0;0;0;0;0;0;-4;444;222192200201.0;6;1;0;0;0;0;0;0;0;0;0;0;0;0;0;0;0
0;0;0;0;0;0;0;0;0;0;-2;0;-1;6;1;0;0;0;0;0;0;0;0;0;0;0;0;0;0;0;-4;0;224225222226192.0;66;2;0;0;0;0;0;0;0;0;0;0;0;0;0;0;0
0;0;0;0;0;0;0;0;0;0;0;0;0;0;0;0;0;0;0;0;0;0;0;0;0;0;0;0;0;0;-4;4;227197;6;1;0;0;0;0;0;0;0;0;0;0;0;0;0;0;0
0;0;0;0;0;-6;0;-1;6;1;-6;0;-1;6;1;0;0;0;0;0;0;0;0;0;0;0;0;0;0;0;-4;444;222228192;6;1;0;0;0;0;0;0;0;0;0;0;0;0;0;0;0
0;0;0;0;0;0;0;0;0;0;0;0;0;0;0;0;0;0;0;0;0;0;0;0;0;0;0;0;0;0;-4;444;229230121135.0;6;1;0;0;0;0;0;0;0;0;0;0;0;0;0;0;0
0;0;-1;7;1;0;0;0;0;0;-2;0;-1;7;1;0;0;0;0;0;0;0;0;0;0;0;0;0;0;0;-4;0;231;7;1;0;0;0;0;0;0;0;0;0;0;-4;0;100;7;1
0;0;-1;7;1;0;0;0;0;0;-2;0;-1;7;1;0;0;0;0;0;0;0;0;0;0;0;0;0;0;0;-4;4444;222231192201.023;666;3;0;0;0;0;0;0;0;0;0;0;0;0;0;0;0
0;0;-1;7;1;0;0;0;0;0;0;0;0;0;0;0;0;0;0;0;0;0;0;0;0;0;0;0;0;0;-4;4;150233;7;1;0;0;0;0;0;0;0;0;0;0;0;0;0;0;0
0;0;-1;7;1;0;0;0;0;0;0;0;0;0;0;0;0;0;0;0;0;0;0;0;0;0;0;0;0;0;-4;4;148233;7;1;0;0;0;0;0;0;0;0;0;0;0;0;0;0;0
0;-66;-111;7;1;0;0;0;0;0;0;0;0;0;0;0;0;0;0;0;0;0;0;0;0;0;0;0;0;0;-4;444;234124;7;1;0;0;0;0;0;0;0;0;0;0;0;0;0;0;0
0;0;0;0;0;-6;0;-1;7;1;0;0;0;0;0;0;0;0;0;0;0;0;0;0;0;0;0;0;0;0;-4;444;224112113235.0;7;1;0;0;0;0;0;0;0;0;0;0;0;0;0;0;0
0;0;0;0;0;-6;0;-1;7;1;0;0;0;0;0;0;0;0;0;0;0;0;0;0;0;0;0;0;0;0;-4;444;224112113236.0;7;1;0;0;0;0;0;0;0;0;0;0;0;0;0;0;0
0;0;-1;7;1;0;0;0;0;0;-2;0;-1;22;2;-4;-4;122122;7;1;0;0;0;0;0;0;0;0;0;0;-4;0;1.5022223823924026e+17;722;3;0;0;0;0;0;0;0;0;0;0;0;0;0;0;0
0;0;-1;7;1;0;0;0;0;0;0;0;0;0;0;0;0;0;0;0;0;0;0;0;0;0;0;0;0;0;-4;444;119242119;7;1;0;0;0;0;0;0;0;0;0;0;0;0;0;0;0
0;0;-1;7;1;0;0;0;0;0;0;0;0;0;0;0;0;0;0;0;0;0;0;0;0;0;0;0;0;0;-4;4;148243;7;1;0;0;0;0;0;0;0;0;0;0;0;0;0;0;0
0;-66;-111;7;1;0;0;0;0;0;0;0;0;0;0;0;0;0;0;0;0;0;0;0;0;0;0;0;0;0;-4;444;244124;7;1;0;0;0;0;0;0;0;0;0;0;0;0;0;0;0
0;0;0;0;0;0;0;0;0;0;0;0;0;0;0;0;0;0;0;0;0;0;0;0;0;0;0;0;0;0;0;0;0;0;0;0;0;0;0;0;0;0;0;7;1;0;0;0;0;0
0;0;0;0;0;0;0;0;0;0;0;0;0;0;0;0;0;0;0;0;0;0;0;0;0;0;0;0;0;0;0;0;0;0;0;0;0;0;0;0;0;0;0;6;1;0;0;0;0;0
0;0;0;0;0;0;0;0;0;0;0;0;0;0;0;0;0;0;0;0;0;0;0;0;0;0;0;0;0;0;0;0;0;0;0;0;0;0;0;0;0;0;0;6;1;0;0;0;0;0
0;0;0;0;0;0;0;0;0;0;-6;0;-1;2;1;0;0;0;0;0;0;0;0;0;0;0;0;0;0;0;-4;0;245;2;1;0;0;0;0;0;0;0;0;0;0;0;0;0;0;0
0;0;0;0;0;-6;0;-1;2;1;0;0;0;0;0;0;0;0;0;0;0;0;0;0;0;0;0;0;0;0;0;0;0;0;0;0;0;0;0;0;0;0;0;0;0;0;0;0;0;0
0;0;0;0;0;-6;0;-1;6;1;0;0;0;0;0;0;0;0;0;0;0;0;0;0;0;0;0;0;0;0;0;0;0;0;0;0;0;0;0;0;0;0;0;0;0;0;0;0;0;0
0;0;0;0;0;-6;0;-1;6;1;0;0;0;0;0;0;0;0;0;0;0;0;0;0;0;0;0;0;0;0;0;0;0;0;0;0;0;0;0;0;0;0;0;0;0;0;0;0;0;0
0;0;0;0;0;-6;0;-1;6;1;0;0;0;0;0;0;0;0;0;0;0;0;0;0;0;0;0;0;0;0;0;0;0;0;0;0;0;0;0;0;0;0;0;0;0;0;0;0;0;0
0;0;0;0;0;-6;0;-1;6;1;0;0;0;0;0;0;0;0;0;0;0;0;0;0;0;0;0;0;0;0;0;0;0;0;0;0;0;0;0;0;0;0;0;0;0;0;0;0;0;0
0;0;0;0;0;-6;0;-1;66;2;0;0;0;0;0;0;0;0;0;0;0;0;0;0;0;0;0;0;0;0;0;0;0;0;0;0;0;0;0;0;0;0;0;0;0;0;0;0;0;0
0;0;0;0;0;-6;0;-1;6;1;0;0;0;0;0;0;0;0;0;0;0;0;0;0;0;0;0;0;0;0;0;0;0;0;0;0;0;0;0;0;0;0;0;0;0;0;0;0;0;0
0;0;0;0;0;0;0;0;0;0;-6;0;-1;6;1;0;0;0;0;0;0;0;0;0;0;0;0;0;0;0;-4;444;246192247246.0;6;1;0;0;0;0;0;0;0;0;0;0;0;0;0;0;0
0;0;-1;7;1;0;0;0;0;0;0;0;0;0;0;0;0;0;0;0;0;0;0;0;0;0;0;0;0;0;-4;4;250234;7;1;0;0;0;0;0;0;0;0;0;0;0;0;0;0;0
-6;0;-11;7;1;0;0;0;0;0;0;0;0;0;0;0;0;0;0;0;0;0;0;0;0;0;0;0;0;0;-4;0;251;7;1;0;0;0;0;0;0;0;0;0;0;0;0;0;0;0
0;0;0;0;0;0;0;0;0;0;-6;0;-1;6;1;0;0;0;0;0;0;0;0;0;0;0;0;0;0;0;-4;444;250246252117.0;6;1;0;0;0;0;0;0;0;0;0;0;0;0;0;0;0
0;0;0;0;0;-2;0;-1;6;1;-6;0;-1;6;1;0;0;0;0;0;0;0;0;0;0;0;0;0;0;0;-4;444;222253192164.0;6;1;0;0;0;0;0;0;0;0;0;0;0;0;0;0;0
0;0;0;0;0;0;0;0;0;0;0;0;0;0;0;0;0;0;0;0;0;0;0;0;0;0;0;0;0;0;0;0;0;0;0;0;0;0;0;0;0;0;0;7;1;0;0;0;0;0
0;0;0;0;0;0;0;0;0;0;0;0;0;0;0;0;0;0;0;0;0;0;0;0;0;0;0;0;0;0;0;0;0;0;0;0;0;0;0;0;0;0;0;6;1;0;0;0;0;0
0;0;0;0;0;0;0;0;0;0;0;0;0;0;0;0;0;0;0;0;0;0;0;0;0;0;0;0;0;0;0;0;0;0;0;0;0;0;0;0;0;0;0;6;1;0;0;0;0;0
0;0;0;0;0;0;0;0;0;0;-6;0;-1;6;1;0;0;0;0;0;0;0;0;0;0;0;0;0;0;0;-4;0;104;6;1;0;0;0;0;0;0;0;0;0;0;0;0;0;0;0
0;0;0;0;0;0;0;0;0;0;0;0;0;0;0;0;0;0;0;0;0;0;0;0;0;0;0;0;0;0;-4;44;192215254;6;1;0;0;0;0;0;0;0;0;0;0;0;0;0;0;0
0;0;0;0;0;0;0;0;0;0;0;0;0;0;0;0;0;0;0;0;0;0;0;0;0;0;0;0;0;0;-4;4;197255;6;1;0;0;0;0;0;0;0;0;0;0;0;0;0;0;0
0;0;0;0;0;0;0;0;0;0;0;0;0;0;0;0;0;0;0;0;0;0;0;0;0;0;0;0;0;0;-4;44;254182181;6;1;0;0;0;0;0;0;0;0;0;0;0;0;0;0;0
0;0;0;0;0;0;0;0;0;0;-6;0;-1;6;1;0;0;0;0;0;0;0;0;0;0;0;0;0;0;0;0;0;0;0;0;0;0;0;0;0;0;0;0;0;0;-4;0;100;6;1
0;0;0;0;0;-4;0;-1;6;1;0;0;0;0;0;0;0;0;0;0;0;0;0;0;0;0;0;0;0;0;-4;4;256;6;1;0;0;0;0;0;0;0;0;0;0;0;0;0;0;0
0;0;0;0;0;0;0;0;0;0;0;0;0;0;0;0;0;0;0;0;0;0;0;0;0;0;0;0;0;0;-4;4;257258;6;1;0;0;0;0;0;0;0;0;0;0;0;0;0;0;0
0;0;0;0;0;0;0;0;0;0;0;0;0;0;0;0;0;0;0;0;0;0;0;0;0;0;0;0;0;0;-4;4;259258;6;1;0;0;0;0;0;0;0;0;0;0;0;0;0;0;0
0;0;0;0;0;0;0;0;0;0;0;0;0;0;0;0;0;0;0;0;0;0;0;0;0;0;0;0;0;0;-4;44;119260119;6;1;0;0;0;0;0;0;0;0;0;0;0;0;0;0;0
0;0;0;0;0;0;0;0;0;0;0;0;0;0;0;0;0;0;0;0;0;0;0;0;0;0;0;0;0;0;-4;44;254250261;6;1;0;0;0;0;0;0;0;0;0;0;0;0;0;0;0
0;0;0;0;0;-6;0;-1;6;1;0;0;0;0;0;0;0;0;0;0;0;0;0;0;0;0;0;0;0;0;0;0;0;0;0;0;0;0;0;0;0;0;0;0;0;0;0;0;0;0
0;0;0;0;0;-6;0;-1;6;1;0;0;0;0;0;0;0;0;0;0;0;0;0;0;0;0;0;0;0;0;0;0;0;0;0;0;0;0;0;0;0;0;0;0;0;0;0;0;0;0
0;0;0;0;0;0;0;0;0;0;0;0;0;0;0;0;0;0;0;0;0;0;0;0;0;0;0;0;0;0;-4;4;255200;6;1;0;0;0;0;0;0;0;0;0;0;0;0;0;0;0
0;0;0;0;0;0;0;0;0;0;0;0;0;0;0;0;0;0;0;0;0;0;0;0;0;0;0;0;0;0;-4;4;262200;6;1;0;0;0;0;0;0;0;0;0;0;0;0;0;0;0
0;0;0;0;0;0;0;0;0;0;0;0;0;0;0;0;0;0;0;0;0;0;0;0;0;0;0;0;0;0;0;0;0;0;0;0;0;0;0;0;0;0;0;0;0;0;0;0;0;0
0;0;0;0;0;0;0;0;0;0;-6;0;-1;6;1;0;0;0;0;0;0;0;0;0;0;0;0;0;0;0;0;0;0;0;0;0;0;0;0;0;0;0;0;0;0;0;0;0;0;0
0;0;0;0;0;0;0;0;0;0;-6;0;-1;6;1;0;0;0;0;0;0;0;0;0;0;0;0;0;0;0;-4;4;182183;6;1;0;0;0;0;0;0;0;0;0;0;0;0;0;0;0
0;0;0;0;0;-4;0;-1;6;1;-6;0;-1;6;1;0;0;0;0;0;0;0;0;0;0;0;0;0;0;0;-4;4;263264;6;1;0;0;0;0;0;0;0;0;0;0;0;0;0;0;0
0;0;0;0;0;-6;0;-1;6;1;0;0;0;0;0;0;0;0;0;0;0;0;0;0;0;0;0;0;0;0;-4;4;265;6;1;0;0;0;0;0;0;0;0;0;0;0;0;0;0;0
0;0;0;0;0;-2;0;-1;6;1;0;0;0;0;0;0;0;0;0;0;0;0;0;0;0;0;0;0;0;0;-4;4444;266181266182264.0;66;2;0;0;0;0;0;0;0;0;0;0;0;0;0;0;0
0;0;0;0;0;0;0;0;0;0;0;0;0;0;0;0;0;0;0;0;-4;0;129;7;1;0;0;0;0;0;-4;44;269182134;7;1;0;0;0;0;0;0;0;0;0;0;0;0;0;0;0
0;0;0;0;0;-6;0;-1;6;1;0;0;0;0;0;0;0;0;0;0;0;0;0;0;0;0;0;0;0;0;0;0;0;0;0;0;0;0;0;0;0;0;0;0;0;0;0;0;0;0
0;0;0;0;0;0;0;0;0;0;0;0;0;0;0;0;0;0;0;0;0;0;0;0;0;0;0;0;0;0;-4;4;222221;6;1;0;0;0;0;0;0;0;0;0;0;0;0;0;0;0
0;0;0;0;0;0;0;0;0;0;0;0;0;0;0;0;0;0;0;0;0;0;0;0;0;0;0;0;0;0;-4;44444;1.0e+INF;66;2;0;0;0;0;0;0;0;0;0;0;0;0;0;0;0
0;0;0;0;0;0;0;0;0;0;0;0;0;0;0;0;0;0;0;0;-4;-4;129;7;1;0;0;0;0;0;-4;444;272273182151.02;76;2;0;0;0;0;0;0;0;0;0;0;0;0;0;0;0
0;0;-1;7;1;0;0;0;0;0;0;0;0;0;0;0;0;0;0;0;0;0;0;0;0;0;0;0;0;0;-4;4444;275200255254114.03;76;2;0;0;0;0;0;0;0;0;0;0;0;0;0;0;0
0;0;0;0;0;0;0;0;0;0;0;0;0;0;0;0;0;0;0;0;0;0;0;0;0;0;0;0;0;0;-4;44444;1.9927110719711027e+17;6;1;0;0;0;0;0;0;0;0;0;0;0;0;0;0;0
0;0;0;0;0;0;0;0;0;0;0;0;0;0;0;0;0;0;0;0;0;0;0;0;0;0;0;0;0;0;-4;0;242;6;1;0;0;0;0;0;0;0;0;0;0;0;0;0;0;0
0;0;0;0;0;0;0;0;0;0;0;0;0;0;0;0;0;0;0;0;0;0;0;0;0;0;0;0;0;0;-4;0;243;6;1;0;0;0;0;0;0;0;0;0;0;0;0;0;0;0
0;0;0;0;0;0;0;0;0;0;0;0;0;0;0;0;0;0;0;0;0;0;0;0;0;0;0;0;0;0;0;0;0;0;0;0;0;0;0;0;0;0;0;0;0;-4;0;100;6;1
0;0;0;0;0;0;0;0;0;0;0;0;0;0;0;0;0;0;0;0;0;0;0;0;0;0;0;0;0;0;-4;0;244;6;1;0;0;0;0;0;0;0;0;0;0;0;0;0;0;0
0;0;0;0;0;0;0;0;0;0;0;0;0;0;0;0;0;0;0;0;0;0;0;0;0;0;0;0;0;0;0;0;0;0;0;0;0;0;0;0;0;0;0;0;0;-4;0;100;11;1
0;0;0;0;0;-3;0;-1;97;2;0;0;0;0;0;0;0;0;0;0;0;0;0;0;0;0;0;0;0;0;-4;0;206279;99;2;0;0;0;0;0;0;0;0;0;0;-4;0;100;7;1
0;0;0;0;0;0;0;0;0;0;0;0;0;0;0;0;0;0;0;0;0;0;0;0;0;0;0;0;0;0;-4;0;108;9;1;0;0;0;0;0;0;0;0;0;0;0;0;0;0;0
-16;-16;-11;7;1;-4;0;-1;3737;2;0;0;0;0;0;-4;0;130;7;1;0;0;0;0;0;0;0;0;0;0;-4;0;280106206281282.0;73737;3;0;0;0;0;0;0;0;0;0;0;0;0;0;0;0
0;-223;-1111;7;1;0;0;0;0;0;0;0;0;0;0;-4;0;130;8;1;0;0;0;0;0;0;0;0;0;0;-4;44444;1.4815028428528627e+17;8;1;0;0;0;0;0;0;0;0;0;0;0;0;0;0;0
-6;0;-1;7;1;0;0;0;0;0;0;0;0;0;0;0;0;0;0;0;0;0;0;0;0;0;0;0;0;0;-4;4;148288;7;1;0;0;0;0;0;0;0;0;0;0;0;0;0;0;0
0;0;0;0;0;0;0;0;0;0;0;0;0;0;0;0;0;0;0;0;0;0;0;0;0;0;0;0;0;0;0;0;0;0;0;0;0;0;0;0;0;0;0;7;1;0;0;0;0;0
0;0;0;0;0;0;0;-1;7;1;0;0;0;0;0;0;0;0;0;0;0;0;0;0;0;0;0;0;0;0;-4;4;148289;7;1;0;0;0;0;0;0;0;0;0;0;0;0;0;0;0
0;0;-1;7;1;0;0;0;0;0;0;0;0;0;0;0;0;0;0;0;0;0;0;0;0;0;0;0;0;0;-4;4;150290;7;1;0;0;0;0;0;0;0;0;0;0;0;0;0;0;0
0;0;0;7;1;0;0;0;0;0;0;0;0;0;0;0;0;0;0;0;0;0;0;0;0;0;0;0;0;0;0;0;0;0;0;0;0;0;0;0;0;0;0;0;0;-4;0;100;7;1
-16;-16;-11;7;1;-9;0;-1;77;2;0;0;0;0;0;-4;0;130;38;1;-4;-444;1.3213413113513614e+20;38383877;5;-4;0;0;7;1;-4;0;1.0e+INF;3838773837.0;6;0;0;0;0;0;0;0;0;0;0;-4;0;100100;77;2
0;0;0;0;0;-4;0;-1;738;2;0;0;0;0;0;-4;0;130;38;1;0;0;0;0;0;0;0;0;0;0;-4;44;1.4310719727025426e+38;73837;3;0;0;0;0;0;0;0;0;0;0;0;0;0;0;0
0;0;0;0;0;-9;0;-1;37;1;0;0;0;0;0;-4;0;130;38;1;0;0;0;0;0;0;0;0;0;0;-4;4444;275200255254273.03;3837;2;0;0;0;0;0;0;0;0;0;0;0;0;0;0;0
0;0;0;0;0;0;0;0;0;0;0;0;0;0;0;0;0;0;0;0;0;0;0;0;0;0;0;0;0;0;-4;4;192235;39;1;0;0;0;0;0;0;0;0;0;0;0;0;0;0;0
0;0;0;0;0;-6;0;-1;40;1;0;0;0;0;0;0;0;0;0;0;0;0;0;0;0;0;0;0;0;0;-4;4;254302;40;1;0;0;0;0;0;0;0;0;0;0;0;0;0;0;0
0;0;0;0;0;0;0;0;0;0;-6;0;-1;6;1;0;0;0;0;0;0;0;0;0;0;0;0;0;0;0;-4;444;192302181182.0;6;1;0;0;0;0;0;0;0;0;0;0;0;0;0;0;0
0;0;0;0;0;-6;0;-1;39;1;0;0;0;0;0;0;0;0;0;0;0;0;0;0;0;0;0;0;0;0;-4;4;303107;39;1;0;0;0;0;0;0;0;0;0;0;0;0;0;0;0
0;0;0;0;0;0;0;0;0;0;-6;0;-1;6;1;0;0;0;0;0;0;0;0;0;0;0;0;0;0;0;-4;444444;2.152221923042012e+17;6;1;0;0;0;0;0;0;0;0;0;0;0;0;0;0;0
-6;0;-1;39;1;0;0;0;0;0;0;0;0;0;0;0;0;0;0;0;0;0;0;0;0;0;0;0;0;0;-4;44;305222197;39;1;0;0;0;0;0;0;0;0;0;0;0;0;0;0;0
-2;0;-1;40;1;-4;0;-1;6;1;-6;0;-1;6;1;0;0;0;0;0;0;0;0;0;0;0;0;0;0;0;-4;4;266107;40;1;0;0;0;0;0;0;0;0;0;0;0;0;0;0;0
-17;-17;-11;12;1;-17;0;-1;1277;3;0;0;0;0;0;0;0;0;0;0;0;0;0;0;0;-4;0;0;7;1;0;0;0;0;0;0;0;0;0;0;0;0;0;0;0;0;0;0;0;0
0;0;0;0;0;-2;0;-1;10;1;-6;0;-1;6;1;0;0;0;0;0;0;0;0;0;0;0;0;0;0;0;-4;0;306117307306.0;106;2;0;0;0;0;0;0;0;0;0;0;0;0;0;0;0
0;0;0;0;0;1;0;-1;1010;2;-2;0;-1;66;2;0;0;0;0;0;0;0;0;0;0;0;0;0;0;0;-4;44;3.071042543071041e+20;66;2;0;0;0;0;0;0;0;0;0;0;0;0;0;0;0
0;0;0;0;0;0;0;0;0;0;-6;0;-1;6;1;0;0;0;0;0;0;0;0;0;0;0;0;0;0;0;-4;0;307;6;1;0;0;0;0;0;0;0;0;0;0;0;0;0;0;0
0;0;0;0;0;0;0;0;0;0;-6;0;-1;41;1;0;0;0;0;0;0;0;0;0;0;0;0;0;0;0;-4;4;3.073101133113123e+17;4141;2;0;0;0;0;0;0;0;0;0;0;0;0;0;0;0
0;0;0;0;0;-6;0;-1;6;1;0;0;0;0;0;0;0;0;0;0;0;0;0;0;0;0;0;0;0;0;0;0;0;0;0;0;0;0;0;0;0;0;0;0;0;-4;0;100;6;1
0;0;0;0;0;-6;0;-1;6;1;-6;0;-1;6;1;0;0;0;0;0;0;0;0;0;0;0;0;0;0;0;-4;444444;3.101132233073113e+17;6;1;0;0;0;0;0;0;0;0;0;0;0;0;0;0;0
0;0;0;0;0;-6;0;-1;6;1;-6;0;-1;6;1;0;0;0;0;0;0;0;0;0;0;0;0;0;0;0;-4;4444;307270227262222.0;6;1;0;0;0;0;0;0;0;0;0;0;-4;0;100;6;1
0;0;0;0;0;0;0;0;0;0;0;0;0;0;0;0;0;0;0;0;0;0;0;0;0;0;0;0;0;0;0;0;0;0;0;0;0;0;0;0;0;0;0;0;0;-4;0;100;42;1
0;0;11;43;1;0;0;0;0;0;0;0;0;0;0;0;0;0;0;0;-4;0;126;43;1;0;0;0;0;0;0;0;0;0;0;0;0;0;0;0;0;0;0;0;0;0;0;0;0;0
0;0;0;0;0;0;0;0;0;0;0;0;0;0;0;0;0;0;0;0;0;0;0;0;0;0;0;0;0;0;0;0;0;0;0;0;0;0;0;0;0;0;0;0;0;-4;0;100;44;1
