0;0;0;0;0;0;0;0;0;0;0;0;0;0;0;-4;-4;102103;6;1;0;0;0;0;0;0;0;0;0;0;0;0;0;0;0;0;0;0;0;0;0;0;0;0;0;-4;0;100;6;1
0;0;0;0;0;0;0;0;0;0;0;0;0;0;0;0;0;0;0;0;0;0;0;0;0;0;0;0;0;0;-4;444;104105106107.0;6;1;0;0;0;0;0;0;0;0;0;0;0;0;0;0;0
0;0;0;0;0;0;0;-1;666;3;0;0;0;0;0;0;0;0;0;0;0;0;0;0;0;0;0;0;0;0;0;0;0;0;0;0;0;0;0;0;0;0;0;0;0;0;0;0;0;0
0;0;0;0;0;0;0;0;0;0;0;0;0;0;0;-4;0;104;6;1;0;0;0;0;0;0;0;0;0;0;-4;0;108;6;1;0;0;0;0;0;0;0;0;0;0;0;0;0;0;0
0;0;0;0;0;0;0;0;0;0;0;0;0;0;0;-4;0;104;6;1;0;0;0;0;0;0;0;0;0;0;-4;0;108;6;1;0;0;0;0;0;0;0;0;0;0;0;0;0;0;0
0;0;0;0;0;0;0;0;0;0;0;0;0;0;0;-4;0;104;6;1;0;0;0;0;0;0;0;0;0;0;-4;0;108;6;1;0;0;0;0;0;0;0;0;0;0;0;0;0;0;0
0;0;0;0;0;0;0;0;0;0;0;0;0;0;0;0;0;0;0;0;0;0;0;0;0;0;0;0;0;0;0;0;0;0;0;0;0;0;0;0;0;0;0;0;0;-4;0;100;6;1
0;0;0;0;0;0;0;0;0;0;0;0;0;0;0;0;0;0;0;0;0;0;0;0;0;0;0;0;0;0;0;0;0;0;0;0;0;0;0;0;0;0;0;0;0;-4;0;100;6;1
0;0;0;0;0;0;0;0;0;0;0;0;0;0;0;-4;0;104;11;1;0;0;0;0;0;0;0;0;0;0;-4;0;111;11;1;0;0;0;0;0;0;0;0;0;0;0;0;0;0;0
0;0;0;0;0;0;0;0;0;0;0;0;0;0;0;-4;0;105;6;1;0;0;0;0;0;0;0;0;0;0;-4;0;108;6;1;0;0;0;0;0;0;0;0;0;0;0;0;0;0;0
0;0;0;0;0;0;0;0;0;0;0;0;0;0;0;-4;0;104;8;1;-4;-4;106;6;1;0;0;0;0;0;-4;0;108;6;1;0;0;0;0;0;0;0;0;0;0;0;0;0;0;0
0;0;0;0;0;0;0;0;0;0;0;0;0;0;0;-4;0;104;11;1;0;0;0;0;0;0;0;0;0;0;-4;0;111;11;1;0;0;0;0;0;0;0;0;0;0;0;0;0;0;0
0;0;0;0;0;0;0;0;0;0;0;0;0;0;0;-4;0;105;6;1;0;0;0;0;0;0;0;0;0;0;-4;0;108;6;1;0;0;0;0;0;0;0;0;0;0;0;0;0;0;0
0;0;0;0;0;0;0;0;0;0;0;0;0;0;0;-4;0;107;6;1;0;0;0;0;0;0;0;0;0;0;-4;0;108;6;1;0;0;0;0;0;0;0;0;0;0;0;0;0;0;0
0;0;0;0;0;0;0;0;0;0;0;0;0;0;0;-4;0;104;6;1;0;0;0;0;0;0;0;0;0;0;-4;0;108;6;1;0;0;0;0;0;0;0;0;0;0;0;0;0;0;0
0;0;0;0;0;0;0;0;0;0;0;0;0;0;0;-4;0;104;6;1;0;0;0;0;0;0;0;0;0;0;-4;0;108;6;1;0;0;0;0;0;0;0;0;0;0;0;0;0;0;0
0;0;0;0;0;0;0;0;0;0;0;0;0;0;0;-4;0;104;6;1;0;0;0;0;0;0;0;0;0;0;-4;4;108112;6;1;0;0;0;0;0;0;0;0;0;0;0;0;0;0;0
0;0;0;0;0;0;0;0;0;0;0;0;0;0;0;-4;0;104;6;1;0;0;0;0;0;0;0;0;0;0;-4;4;108112;6;1;0;0;0;0;0;0;0;0;0;0;0;0;0;0;0
0;0;0;0;0;0;0;0;0;0;0;0;0;0;0;-4;0;104;6;1;0;0;0;0;0;0;0;0;0;0;-4;4;108113;6;1;0;0;0;0;0;0;0;0;0;0;0;0;0;0;0
0;0;0;0;0;0;0;0;0;0;0;0;0;0;0;-4;0;104;6;1;0;0;0;0;0;0;0;0;0;0;-4;4;108113;6;1;0;0;0;0;0;0;0;0;0;0;0;0;0;0;0
0;0;0;0;0;0;0;0;0;0;0;0;0;0;0;-4;0;104;6;1;0;0;0;0;0;0;0;0;0;0;-4;0;108;6;1;0;0;0;0;0;0;0;0;0;0;0;0;0;0;0
0;0;0;0;0;0;0;-1;6;1;0;0;0;0;0;0;0;0;0;0;0;0;0;0;0;0;0;0;0;0;-4;4;114114;6;1;0;0;0;0;0;0;0;0;0;0;0;0;0;0;0
0;0;0;0;0;-6;0;-1;6666;4;0;0;0;0;0;0;0;0;0;0;0;0;0;0;0;0;0;0;0;0;0;0;0;0;0;0;0;0;0;0;0;0;0;0;0;0;0;0;0;0
0;0;0;0;0;-6;0;-1;1212;2;0;0;0;0;0;0;0;0;0;0;0;0;0;0;0;0;0;0;0;0;0;0;0;0;0;0;0;0;0;0;0;0;0;0;0;0;0;0;0;0
0;0;0;0;0;-6;0;-1;1212;2;0;0;0;0;0;0;0;0;0;0;0;0;0;0;0;0;0;0;0;0;0;0;0;0;0;0;0;0;0;0;0;0;0;0;0;0;0;0;0;0
0;0;0;0;0;0;0;0;0;0;0;0;0;0;0;0;0;0;0;0;-4;0;108;7;1;0;0;0;0;0;0;0;0;0;0;0;0;0;0;0;0;0;0;0;0;0;0;0;0;0
0;0;0;0;0;0;0;-1;666;3;0;0;0;0;0;0;0;0;0;0;0;0;0;0;0;0;0;0;0;0;-4;0;115;6;1;0;0;0;0;0;0;0;0;0;0;0;0;0;0;0
0;0;0;0;0;-9;0;-1;6;1;0;0;0;0;0;0;0;0;0;0;0;0;0;0;0;0;0;0;0;0;-4;0;116;66;2;0;0;0;0;0;0;0;0;0;0;0;0;0;0;0
0;0;0;0;0;-9;0;-1;7;1;0;0;0;0;0;0;0;0;0;0;0;0;0;0;0;0;0;0;0;0;-4;0;0;7;1;0;0;0;0;0;0;0;0;0;0;0;0;0;0;0
0;0;0;0;0;0;0;-1;666;3;0;0;0;0;0;0;0;0;0;0;0;0;0;0;0;0;0;0;0;0;0;0;0;0;0;0;0;0;0;0;0;0;0;0;0;0;0;0;0;0
-6;0;-1;12;1;0;0;0;0;0;0;0;0;0;0;-4;0;104;12;1;0;0;0;0;0;0;0;0;0;0;-4;0;108;12;1;0;0;0;0;0;0;0;0;0;0;0;0;0;0;0
0;0;0;0;0;0;0;0;0;0;0;0;0;0;0;0;0;0;0;0;0;0;0;0;0;0;0;0;0;0;0;0;0;0;0;0;0;0;0;0;0;0;0;0;0;-4;0;100;13;1
0;0;0;0;0;0;0;-1;6;1;0;0;0;0;0;-4;0;104;6;1;0;0;0;0;0;0;0;0;0;0;-4;0;119;6;1;0;0;0;0;0;0;0;0;0;0;0;0;0;0;0
0;0;0;0;0;0;0;0;0;0;0;0;0;0;0;-4;0;104;6;1;0;0;0;0;0;0;0;0;0;0;-4;0;108;6;1;0;0;0;0;0;0;0;0;0;0;0;0;0;0;0
0;0;0;0;0;0;0;0;0;0;0;0;0;0;0;-4;0;104;6;1;0;0;0;0;0;0;0;0;0;0;-4;0;108;6;1;0;0;0;0;0;0;0;0;0;0;0;0;0;0;0
0;0;0;0;0;0;0;0;0;0;0;0;0;0;0;0;0;0;0;0;0;0;0;0;0;0;0;0;0;0;0;0;0;0;0;0;0;0;0;0;0;0;0;0;0;-4;0;100;6;1
0;0;0;0;0;0;0;0;0;0;0;0;0;0;0;0;0;0;0;0;0;0;0;0;0;0;0;0;0;0;0;0;0;0;0;0;0;0;0;0;0;0;0;0;0;-4;0;100;6;1
0;0;0;0;0;0;0;0;0;0;0;0;0;0;0;-4;0;105;6;1;0;0;0;0;0;0;0;0;0;0;-4;4;108111;6;1;0;0;0;0;0;0;0;0;0;0;0;0;0;0;0
0;0;0;0;0;0;0;0;0;0;0;0;0;0;0;-4;0;107;6;1;0;0;0;0;0;0;0;0;0;0;-4;4;108111;6;1;0;0;0;0;0;0;0;0;0;0;0;0;0;0;0
0;0;0;0;0;0;0;0;0;0;0;0;0;0;0;0;0;0;0;0;-4;-44;105;7;1;0;0;0;0;0;-4;0;108;7;1;0;0;0;0;0;0;0;0;0;0;0;0;0;0;0
0;0;0;0;0;0;0;0;0;0;0;0;0;0;0;0;0;0;0;0;-4;-44;107;7;1;0;0;0;0;0;-4;0;108;7;1;0;0;0;0;0;0;0;0;0;0;0;0;0;0;0
0;0;0;0;0;0;0;0;0;0;0;0;0;0;0;0;0;0;0;0;-4;-44;104;7;1;-4;0;0;7;1;-4;4;242143108;76;2;0;0;0;0;0;0;0;0;0;0;0;0;0;0;0
0;0;0;0;0;0;0;0;0;0;0;0;0;0;0;0;0;0;0;0;-4;-444;104;7;1;-4;0;0;7;1;-4;4;242143108;76;2;0;0;0;0;0;0;0;0;0;0;0;0;0;0;0
0;0;0;0;0;0;0;0;0;0;0;0;0;0;0;-4;0;104;6;1;0;0;0;0;0;0;0;0;0;0;-4;0;108;6;1;0;0;0;0;0;0;0;0;0;0;0;0;0;0;0
0;0;0;0;0;0;0;0;0;0;0;0;0;0;0;-4;0;104;6;1;0;0;0;0;0;0;0;0;0;0;-4;0;108;6;1;0;0;0;0;0;0;0;0;0;0;0;0;0;0;0
0;0;0;0;0;0;0;0;0;0;0;0;0;0;0;-4;0;104;6;1;0;0;0;0;0;0;0;0;0;0;-4;0;108;6;1;0;0;0;0;0;0;0;0;0;0;0;0;0;0;0
0;0;0;0;0;0;0;0;0;0;0;0;0;0;0;-4;0;104;6;1;0;0;0;0;0;0;0;0;0;0;-4;0;108;6;1;0;0;0;0;0;0;0;0;0;0;0;0;0;0;0
0;0;0;0;0;0;0;0;0;0;0;0;0;0;0;0;0;0;0;0;0;0;0;0;0;0;0;0;0;0;-4;4;108122;6;1;0;0;0;0;0;0;0;0;0;0;0;0;0;0;0
0;0;0;0;0;0;0;0;0;0;0;0;0;0;0;-4;0;104;6;1;0;0;0;0;0;0;0;0;0;0;-4;4;108123;6;1;0;0;0;0;0;0;0;0;0;0;0;0;0;0;0
0;0;0;0;0;0;0;0;0;0;0;0;0;0;0;0;0;0;0;0;0;0;0;0;0;0;0;0;0;0;-4;4;108122;6;1;0;0;0;0;0;0;0;0;0;0;0;0;0;0;0
0;0;0;0;0;0;0;0;0;0;0;0;0;0;0;-4;0;104;6;1;0;0;0;0;0;0;0;0;0;0;-4;4;108124;6;1;0;0;0;0;0;0;0;0;0;0;0;0;0;0;0
0;0;0;0;0;-12;0;-1;6;1;0;0;0;0;0;-4;0;104;6;1;0;0;0;0;0;0;0;0;0;0;-4;0;108108;66;2;0;0;0;0;0;0;0;0;0;0;-4;0;100;6;1
0;0;0;0;0;0;0;0;0;0;0;0;0;0;0;0;0;0;0;0;0;0;0;0;0;0;0;0;0;0;-4;4;108122;6;1;0;0;0;0;0;0;0;0;0;0;0;0;0;0;0
0;0;0;0;0;0;0;0;0;0;0;0;0;0;0;-4;0;104;6;1;0;0;0;0;0;0;0;0;0;0;-4;4;108126;6;1;0;0;0;0;0;0;0;0;0;0;0;0;0;0;0
0;0;0;0;0;0;0;0;0;0;0;0;0;0;0;0;0;0;0;0;0;0;0;0;0;0;0;0;0;0;-4;4;108122;6;1;0;0;0;0;0;0;0;0;0;0;0;0;0;0;0
0;0;0;0;0;0;0;0;0;0;0;0;0;0;0;-4;0;104;6;1;0;0;0;0;0;0;0;0;0;0;-4;4;108127;6;1;0;0;0;0;0;0;0;0;0;0;0;0;0;0;0
-13;0;-111;77;2;0;0;0;0;0;0;0;0;0;0;0;0;0;0;0;0;0;0;0;0;0;0;0;0;0;-4;0;128;7;1;0;0;0;0;0;0;0;0;0;0;0;0;0;0;0
-13;0;-111;77;2;0;0;0;0;0;0;0;0;0;0;0;0;0;0;0;0;0;0;0;0;0;0;0;0;0;-4;0;129;7;1;0;0;0;0;0;0;0;0;0;0;0;0;0;0;0
0;0;0;0;0;0;0;0;0;0;0;0;0;0;0;0;0;0;0;0;0;0;0;0;0;0;0;0;0;0;0;0;0;0;0;0;0;0;0;0;0;0;0;0;0;0;0;0;0;0
0;0;0;0;0;0;0;0;0;0;0;0;0;0;0;0;0;0;0;0;0;0;0;0;0;0;0;0;0;0;0;0;0;0;0;0;0;0;0;0;0;0;0;0;0;0;0;0;0;0
0;0;0;0;0;0;0;0;0;0;0;0;0;0;0;0;0;0;0;0;0;0;0;0;0;0;0;0;0;0;0;0;0;0;0;0;0;0;0;0;0;0;0;0;0;0;0;0;0;0
0;0;0;0;0;0;0;0;0;0;0;0;0;0;0;0;0;0;0;0;0;0;0;0;0;0;0;0;0;0;0;0;0;0;0;0;0;0;0;0;0;0;0;0;0;0;0;0;0;0
0;0;0;0;0;0;0;0;0;0;0;0;0;0;0;0;0;0;0;0;0;0;0;0;0;0;0;0;0;0;0;0;0;0;0;0;0;0;0;0;0;0;0;0;0;0;0;0;0;0
0;0;0;0;0;0;0;0;0;0;0;0;0;0;0;0;0;0;0;0;0;0;0;0;0;0;0;0;0;0;0;0;0;0;0;0;0;0;0;0;0;0;0;0;0;0;0;0;0;0
0;0;0;0;0;0;0;0;0;0;0;0;0;0;0;0;0;0;0;0;0;0;0;0;0;0;0;0;0;0;0;0;0;0;0;0;0;0;0;0;0;0;0;0;0;0;0;0;0;0
0;0;0;0;0;0;0;0;0;0;0;0;0;0;0;0;0;0;0;0;0;0;0;0;0;0;0;0;0;0;0;0;0;0;0;0;0;0;0;0;0;0;0;0;0;0;0;0;0;0
0;0;0;0;0;0;0;0;0;0;0;0;0;0;0;0;0;0;0;0;0;0;0;0;0;0;0;0;0;0;-4;444;131132133134.0;6;1;0;0;0;0;0;0;0;0;0;0;0;0;0;0;0
0;0;0;0;0;-6;0;-1;6;1;0;0;0;0;0;0;0;0;0;0;0;0;0;0;0;0;0;0;0;0;0;0;0;0;0;0;0;0;0;0;0;0;0;0;0;0;0;0;0;0
0;0;0;0;0;-6;0;-1;6;1;0;0;0;0;0;0;0;0;0;0;0;0;0;0;0;0;0;0;0;0;0;0;0;0;0;0;0;0;0;0;0;0;0;0;0;0;0;0;0;0
0;0;11;77;2;-12;0;-1;67677;5;0;0;0;0;0;-4;0;104;14;1;0;0;0;0;0;0;0;0;0;0;-4;44;1.361081151371241e+23;6767;4;0;0;0;0;0;0;0;0;0;0;0;0;0;0;0
0;0;0;0;0;0;0;0;0;0;0;0;0;0;0;0;0;0;0;0;0;0;0;0;0;0;0;0;0;0;-4;44;138131139;14;1;0;0;0;0;0;0;0;0;0;0;0;0;0;0;0
0;0;0;0;0;-4;0;-1;6;1;0;0;0;0;0;-4;0;104;6;1;0;0;0;0;0;0;0;0;0;0;-4;0;108108;66;2;0;0;0;0;0;0;0;0;0;0;0;0;0;0;0
0;0;0;0;0;0;0;0;0;0;0;0;0;0;0;0;0;0;0;0;0;0;0;0;0;0;0;0;0;0;-4;0;140;6;1;0;0;0;0;0;0;0;0;0;0;0;0;0;0;0
0;0;0;0;0;-4;0;-1;6;1;0;0;0;0;0;-4;0;104;6;1;0;0;0;0;0;0;0;0;0;0;-4;0;108108;66;2;0;0;0;0;0;0;0;0;0;0;0;0;0;0;0
0;0;0;0;0;0;0;0;0;0;0;0;0;0;0;0;0;0;0;0;0;0;0;0;0;0;0;0;0;0;-4;0;141;6;1;0;0;0;0;0;0;0;0;0;0;0;0;0;0;0
0;0;0;0;0;0;0;0;0;0;0;0;0;0;0;-4;0;104;6;1;0;0;0;0;0;0;0;0;0;0;-4;0;142;6;1;0;0;0;0;0;0;0;0;0;0;0;0;0;0;0
0;0;0;0;0;0;0;0;0;0;0;0;0;0;0;-4;0;104;6;1;0;0;0;0;0;0;0;0;0;0;-4;0;143;6;1;0;0;0;0;0;0;0;0;0;0;0;0;0;0;0
0;0;0;0;0;0;0;0;0;0;0;0;0;0;0;-4;0;104;6;1;0;0;0;0;0;0;0;0;0;0;-4;0;144;6;1;0;0;0;0;0;0;0;0;0;0;0;0;0;0;0
0;0;0;0;0;0;0;0;0;0;0;0;0;0;0;-4;0;104;6;1;0;0;0;0;0;0;0;0;0;0;-4;0;145;6;1;0;0;0;0;0;0;0;0;0;0;0;0;0;0;0
0;0;0;0;0;-12;0;-1;6;1;0;0;0;0;0;-4;0;104;6;1;0;0;0;0;0;0;0;0;0;0;-4;0;1.4610812314812414e+26;66666;5;0;0;0;0;0;0;0;0;0;0;0;0;0;0;0
0;0;0;0;0;0;0;0;0;0;0;0;0;0;0;0;0;0;0;0;0;0;0;0;0;0;0;0;0;0;-4;444;131151152153.0;6;1;0;0;0;0;0;0;0;0;0;0;0;0;0;0;0
0;0;0;0;0;-6;0;-1;7;1;0;0;0;0;0;0;0;0;0;0;0;0;0;0;0;0;0;0;0;0;-4;0;154;7;1;0;0;0;0;0;0;0;0;0;0;0;0;0;0;0
0;0;0;0;0;-12;0;-1;6;1;0;0;0;0;0;-4;0;104;6;1;0;0;0;0;0;0;0;0;0;0;-4;44;1.3610811510812316e+38;66666;5;0;0;0;0;0;0;0;0;0;0;0;0;0;0;0
0;0;0;0;0;0;0;0;0;0;0;0;0;0;0;0;0;0;0;0;0;0;0;0;0;0;0;0;0;0;-4;44;138158159;6;1;0;0;0;0;0;0;0;0;0;0;0;0;0;0;0
0;0;0;0;0;0;0;0;0;0;0;0;0;0;0;0;0;0;0;0;0;0;0;0;0;-4;0;0;77;2;0;0;0;0;0;0;0;0;0;0;0;0;0;0;0;0;0;0;0;0
0;0;0;0;0;0;0;0;0;0;0;0;0;0;0;0;0;0;0;0;0;0;0;0;0;0;0;0;0;0;0;0;0;0;0;0;0;0;0;0;0;0;0;0;0;0;0;0;0;0
0;0;0;0;0;0;0;0;0;0;0;0;0;0;0;0;0;0;0;0;0;0;0;0;0;0;0;0;0;0;-4;44;134160;6;1;0;0;0;0;0;0;0;0;0;0;0;0;0;0;0
0;0;0;0;0;0;0;0;0;0;0;0;0;0;0;0;0;0;0;0;0;0;0;0;0;0;0;0;0;0;-4;4;126123;6;1;0;0;0;0;0;0;0;0;0;0;0;0;0;0;0
0;0;0;0;0;0;0;0;0;0;0;0;0;0;0;0;0;0;0;0;0;0;0;0;0;0;0;0;0;0;-4;44;161162;6;1;0;0;0;0;0;0;0;0;0;0;0;0;0;0;0
0;0;0;0;0;0;0;0;0;0;0;0;0;0;0;0;0;0;0;0;0;0;0;0;0;0;0;0;0;0;-4;4;126124;6;1;0;0;0;0;0;0;0;0;0;0;0;0;0;0;0
0;0;0;0;0;0;0;0;0;0;0;0;0;0;0;0;0;0;0;0;0;0;0;0;0;0;0;0;0;0;-4;44;161163;6;1;0;0;0;0;0;0;0;0;0;0;0;0;0;0;0
0;0;0;0;0;0;0;0;0;0;0;0;0;0;0;0;0;0;0;0;0;0;0;0;0;0;0;0;0;0;-4;4;127123;6;1;0;0;0;0;0;0;0;0;0;0;0;0;0;0;0
0;0;0;0;0;0;0;0;0;0;0;0;0;0;0;0;0;0;0;0;0;0;0;0;0;0;0;0;0;0;-4;44;164162;6;1;0;0;0;0;0;0;0;0;0;0;0;0;0;0;0
0;0;0;0;0;0;0;0;0;0;0;0;0;0;0;0;0;0;0;0;0;0;0;0;0;0;0;0;0;0;-4;4;127124;6;1;0;0;0;0;0;0;0;0;0;0;0;0;0;0;0
0;0;0;0;0;0;0;0;0;0;0;0;0;0;0;0;0;0;0;0;0;0;0;0;0;0;0;0;0;0;-4;44;164163;6;1;0;0;0;0;0;0;0;0;0;0;0;0;0;0;0
0;0;0;0;0;0;0;0;0;0;0;0;0;0;0;0;0;0;0;0;0;0;0;0;0;0;0;0;0;0;0;0;0;0;0;0;0;0;0;0;0;0;0;6;1;0;0;0;0;0
0;0;0;0;0;0;0;0;0;0;0;0;0;0;0;-4;0;104;6;1;0;0;0;0;0;0;0;0;0;0;-4;0;108;6;1;0;0;0;0;0;0;0;0;0;0;0;0;0;0;0
0;0;0;0;0;0;0;0;0;0;0;0;0;0;0;-4;0;104;6;1;0;0;0;0;0;0;0;0;0;0;-4;0;108;6;1;0;0;0;0;0;0;0;0;0;0;0;0;0;0;0
0;0;0;0;0;0;0;0;0;0;0;0;0;0;0;-4;0;104;6;1;0;0;0;0;0;0;0;0;0;0;-4;0;108;6;1;0;0;0;0;0;0;0;0;0;0;0;0;0;0;0
0;0;0;0;0;0;0;0;0;0;0;0;0;0;0;-4;0;104;6;1;0;0;0;0;0;0;0;0;0;0;-4;0;108;6;1;0;0;0;0;0;0;0;0;0;0;0;0;0;0;0
0;0;0;0;0;0;0;0;0;0;0;0;0;0;0;0;0;0;0;0;0;0;0;0;0;0;0;0;0;0;-4;4444;165166167168169.03;66;2;0;0;0;0;0;0;0;0;0;0;0;0;0;0;0
0;0;0;0;0;0;0;0;0;0;0;0;0;0;0;0;0;0;0;0;0;0;0;0;0;0;0;0;0;0;-4;44;174175176;6;1;0;0;0;0;0;0;0;0;0;0;0;0;0;0;0
0;0;0;0;0;0;0;0;0;0;0;0;0;0;0;0;0;0;0;0;0;0;0;0;0;0;0;0;0;0;-4;44444;177178179180177.0;1466;3;0;0;0;0;0;0;0;0;0;0;0;0;0;0;0
0;0;0;0;0;0;0;0;0;0;0;0;0;0;0;0;0;0;0;0;0;0;0;0;0;0;0;0;0;0;-4;4;106107;6;1;0;0;0;0;0;0;0;0;0;0;0;0;0;0;0
0;0;0;0;0;0;0;-1;16;1;0;0;0;0;0;0;0;0;0;0;0;0;0;0;0;0;0;0;0;0;-4;0;184185;1516;2;0;0;0;0;0;0;0;0;0;0;0;0;0;0;0
0;0;0;0;0;0;0;0;0;0;0;0;0;0;0;0;0;0;0;0;0;0;0;0;0;0;0;0;0;0;-4;444;136108184186.0;6;1;0;0;0;0;0;0;0;0;0;0;0;0;0;0;0
-6;0;-1;12;1;0;0;0;0;0;0;0;0;0;0;-4;0;104;12;1;0;0;0;0;0;0;0;0;0;0;-4;4;108187;12;1;0;0;0;0;0;0;0;0;0;0;0;0;0;0;0
-6;0;-1;12;1;0;0;0;0;0;0;0;0;0;0;-4;0;105;12;1;0;0;0;0;0;-4;0;0;12;1;-4;4;187108;12;1;0;0;0;0;0;0;0;0;0;0;0;0;0;0;0
0;0;0;0;0;0;0;0;0;0;0;0;0;0;0;0;0;0;0;0;0;0;0;0;0;-4;0;0;6;1;-4;4;184186184186.0;66;2;8;0;1;17;1;0;0;0;0;0;0;0;0;0;0
0;0;0;0;0;0;0;0;0;0;0;0;0;0;0;-4;0;104;6;1;0;0;0;0;0;0;0;0;0;0;-4;0;108;6;1;0;0;0;0;0;0;0;0;0;0;0;0;0;0;0
0;0;0;0;0;0;0;0;0;0;0;0;0;0;0;-4;0;104;6;1;0;0;0;0;0;0;0;0;0;0;-4;0;108;6;1;0;0;0;0;0;0;0;0;0;0;0;0;0;0;0
0;0;0;0;0;0;0;0;0;0;0;0;0;0;0;-4;0;105;6;1;0;0;0;0;0;0;0;0;0;0;-4;0;108;6;1;0;0;0;0;0;0;0;0;0;0;0;0;0;0;0
0;0;0;0;0;0;0;0;0;0;0;0;0;0;0;-4;0;107;6;1;0;0;0;0;0;0;0;0;0;0;-4;0;108;6;1;0;0;0;0;0;0;0;0;0;0;0;0;0;0;0
0;0;0;0;0;0;0;0;0;0;0;0;0;0;0;-4;0;104;6;1;0;0;0;0;0;0;0;0;0;0;-4;0;108;6;1;0;0;0;0;0;0;0;0;0;0;0;0;0;0;0
0;0;0;0;0;0;0;0;0;0;0;0;0;0;0;-4;0;104;6;1;0;0;0;0;0;0;0;0;0;0;-4;0;108;6;1;0;0;0;0;0;0;0;0;0;0;0;0;0;0;0
0;0;0;0;0;0;0;0;0;0;0;0;0;0;0;-4;0;104;6;1;0;0;0;0;0;0;0;0;0;0;-4;0;108;6;1;0;0;0;0;0;0;0;0;0;0;0;0;0;0;0
0;0;0;0;0;0;0;0;0;0;0;0;0;0;0;-4;0;104;6;1;0;0;0;0;0;0;0;0;0;0;-4;0;108;6;1;0;0;0;0;0;0;0;0;0;0;0;0;0;0;0
0;0;0;0;0;0;0;0;0;0;0;0;0;0;0;-4;0;104;6;1;0;0;0;0;0;0;0;0;0;0;-4;0;108;6;1;0;0;0;0;0;0;0;0;0;0;0;0;0;0;0
0;0;0;0;0;0;0;0;0;0;0;0;0;0;0;-4;0;104;6;1;0;0;0;0;0;0;0;0;0;0;-4;0;108;6;1;0;0;0;0;0;0;0;0;0;0;0;0;0;0;0
0;0;0;0;0;0;0;0;0;0;0;0;0;0;0;-4;0;104;6;1;0;0;0;0;0;0;0;0;0;0;-4;0;188;6;1;0;0;0;0;0;0;0;0;0;0;0;0;0;0;0
-15;0;1;6;1;0;0;0;0;0;0;0;0;0;0;0;0;0;0;0;0;0;0;0;0;0;0;0;0;0;-4;0;189187124190191.03;677;3;0;0;0;0;0;0;0;0;0;0;0;0;0;0;0
0;0;0;0;0;0;0;0;0;0;0;0;0;0;0;-4;0;105;6;1;0;0;0;0;0;0;0;0;0;0;-4;0;188;6;1;0;0;0;0;0;0;0;0;0;0;0;0;0;0;0
0;0;0;0;0;0;0;0;0;0;0;0;0;0;0;-4;0;104;6;1;0;0;0;0;0;0;0;0;0;0;-4;0;108;6;1;0;0;0;0;0;0;0;0;0;0;0;0;0;0;0
0;0;0;0;0;-12;0;-1;6;1;0;0;0;0;0;-4;0;104;6;1;0;0;0;0;0;0;0;0;0;0;-4;4;108;6;1;0;0;0;0;0;0;0;0;0;0;0;0;0;0;0
0;0;0;0;0;-12;0;-1;6;1;0;0;0;0;0;-4;0;104;6;1;0;0;0;0;0;0;0;0;0;0;-4;4;108;6;1;0;0;0;0;0;0;0;0;0;0;0;0;0;0;0
0;0;0;0;0;-12;0;-1;6;1;0;0;0;0;0;-4;0;104;6;1;0;0;0;0;0;0;0;0;0;0;-4;4;108;6;1;0;0;0;0;0;0;0;0;0;0;0;0;0;0;0
0;0;0;0;0;0;0;0;0;0;0;0;0;0;0;-4;0;104;6;1;0;0;0;0;0;0;0;0;0;0;-4;0;108;6;1;0;0;0;0;0;0;0;0;0;0;0;0;0;0;0
0;0;0;0;0;0;0;0;0;0;0;0;0;0;0;-4;0;104;6;1;0;0;0;0;0;0;0;0;0;0;-4;0;108;6;1;0;0;0;0;0;0;0;0;0;0;0;0;0;0;0
0;0;0;0;0;0;0;0;0;0;0;0;0;0;0;-4;0;104;6;1;0;0;0;0;0;0;0;0;0;0;-4;0;108;6;1;0;0;0;0;0;0;0;0;0;0;0;0;0;0;0
0;0;0;0;0;0;0;0;0;0;0;0;0;0;0;-4;0;104;6;1;0;0;0;0;0;0;0;0;0;0;-4;0;108;6;1;0;0;0;0;0;0;0;0;0;0;0;0;0;0;0
0;0;0;0;0;0;0;0;0;0;0;0;0;0;0;-4;0;104;6;1;0;0;0;0;0;0;0;0;0;0;-4;0;108;6;1;0;0;0;0;0;0;0;0;0;0;0;0;0;0;0
0;0;0;0;0;0;0;0;0;0;0;0;0;0;0;-4;0;104;6;1;0;0;0;0;0;0;0;0;0;0;-4;0;108;6;1;0;0;0;0;0;0;0;0;0;0;0;0;0;0;0
0;0;0;0;0;0;0;0;0;0;0;0;0;0;0;-4;0;104;6;1;0;0;0;0;0;0;0;0;0;0;-4;0;108;6;1;0;0;0;0;0;0;0;0;0;0;0;0;0;0;0
0;0;0;0;0;0;0;0;0;0;0;0;0;0;0;-4;0;104;6;1;0;0;0;0;0;0;0;0;0;0;-4;0;108;6;1;0;0;0;0;0;0;0;0;0;0;0;0;0;0;0
-6;-66;-111;18;1;0;0;0;0;0;0;0;0;0;0;-4;0;104;18;1;0;0;0;0;0;0;0;0;0;0;-4;4;108193;18;1;0;0;0;0;0;0;0;0;0;0;0;0;0;0;0
-6;-6;-11;19;1;0;0;0;0;0;0;0;0;0;0;-4;0;104;19;1;0;0;0;0;0;0;0;0;0;0;-4;4;108194;19;1;0;0;0;0;0;0;0;0;0;0;0;0;0;0;0
-6;0;-1;20;1;0;0;0;0;0;0;0;0;0;0;-4;0;104;20;1;0;0;0;0;0;0;0;0;0;0;-4;4;108195;20;1;0;0;0;0;0;0;0;0;0;0;0;0;0;0;0
-6;0;-1;21;1;0;0;0;0;0;0;0;0;0;0;-4;0;104;21;1;0;0;0;0;0;0;0;0;0;0;-4;4;108196;21;1;0;0;0;0;0;0;0;0;0;0;0;0;0;0;0
0;0;0;0;0;0;0;0;0;0;-6;0;-1;6;1;0;0;0;0;0;0;0;0;0;0;0;0;0;0;0;-4;44;197108198;6;1;0;0;0;0;0;0;0;0;0;0;0;0;0;0;0
0;0;0;0;0;0;0;0;0;0;0;0;0;0;0;0;0;0;0;0;0;0;0;0;0;0;0;0;0;0;-4;0;108;6;1;0;0;0;0;0;0;0;0;0;0;0;0;0;0;0
-6;-6;-11;22;1;0;0;0;0;0;0;0;0;0;0;-4;0;104;22;1;0;0;0;0;0;0;0;0;0;0;-4;0;108;22;1;0;0;0;0;0;0;0;0;0;0;0;0;0;0;0
-6;-6;-11;22;1;0;0;0;0;0;0;0;0;0;0;-4;0;104;22;1;0;0;0;0;0;0;0;0;0;0;-4;0;108;22;1;0;0;0;0;0;0;0;0;0;0;0;0;0;0;0
-6;0;-1;23;1;0;0;0;0;0;0;0;0;0;0;-4;0;104;23;1;0;0;0;0;0;0;0;0;0;0;0;0;0;0;0;0;0;0;0;0;0;0;0;0;0;0;0;0;0;0
-6;0;-1;23;1;0;0;0;0;0;0;0;0;0;0;-4;0;104;23;1;0;0;0;0;0;0;0;0;0;0;0;0;0;0;0;0;0;0;0;0;0;0;0;0;0;0;0;0;0;0
0;0;0;0;0;0;0;0;0;0;0;0;0;0;0;0;0;0;0;0;0;0;0;0;0;0;0;0;0;0;0;0;0;0;0;0;0;0;0;0;0;0;0;0;0;-4;0;100;6;1
0;0;0;0;0;0;0;0;0;0;0;0;0;0;0;0;0;0;0;0;0;0;0;0;0;0;0;0;0;0;0;0;0;0;0;0;0;0;0;0;0;0;0;0;0;-4;0;100;6;1
0;0;0;0;0;0;0;0;0;0;0;0;0;0;0;0;0;0;0;0;0;0;0;0;0;0;0;0;0;0;0;0;0;0;0;0;0;0;0;0;0;0;0;0;0;-4;0;100;6;1
0;0;0;0;0;0;0;0;0;0;0;0;0;0;0;0;0;0;0;0;0;0;0;0;0;0;0;0;0;0;-4;4;202203;6;1;0;0;0;0;0;0;0;0;0;0;0;0;0;0;0
0;0;0;0;0;0;0;0;0;0;0;0;0;0;0;0;0;0;0;0;0;0;0;0;0;0;0;0;0;0;-4;4;202203;6;1;0;0;0;0;0;0;0;0;0;0;0;0;0;0;0
0;0;0;0;0;0;0;0;0;0;0;0;0;0;0;0;0;0;0;0;0;0;0;0;0;0;0;0;0;0;0;0;0;0;0;0;0;0;0;0;0;0;0;0;0;-4;0;100;6;1
0;0;0;0;0;0;0;0;0;0;0;0;0;0;0;0;0;0;0;0;0;0;0;0;0;0;0;0;0;0;0;0;0;0;0;0;0;0;0;0;0;0;0;0;0;-4;0;100;6;1
0;0;0;0;0;0;0;0;0;0;0;0;0;0;0;0;0;0;0;0;0;0;0;0;0;0;0;0;0;0;0;0;0;0;0;0;0;0;0;0;0;0;0;0;0;-4;0;100;6;1
0;0;0;0;0;0;0;0;0;0;0;0;0;0;0;0;0;0;0;0;0;0;0;0;0;0;0;0;0;0;0;0;0;0;0;0;0;0;0;0;0;0;0;0;0;0;0;0;0;0
0;0;0;0;0;0;0;0;0;0;0;0;0;0;0;0;0;0;0;0;0;0;0;0;0;0;0;0;0;0;0;0;0;0;0;0;0;0;0;0;0;0;0;0;0;0;0;0;0;0
0;0;0;0;0;0;0;0;0;0;0;0;0;0;0;0;0;0;0;0;0;0;0;0;0;0;0;0;0;0;-4;4;207208;6;1;0;0;0;0;0;0;0;0;0;0;0;0;0;0;0
0;0;0;0;0;0;0;0;0;0;0;0;0;0;0;0;0;0;0;0;0;0;0;0;0;0;0;0;0;0;0;0;0;0;0;0;0;0;0;0;0;0;0;0;0;0;0;0;0;0
0;0;0;0;0;0;0;0;0;0;0;0;0;0;0;0;0;0;0;0;0;0;0;0;0;0;0;0;0;0;0;0;0;0;0;0;0;0;0;0;0;0;0;0;0;0;0;0;0;0
0;0;0;0;0;0;0;0;0;0;0;0;0;0;0;0;0;0;0;0;0;0;0;0;0;0;0;0;0;0;-4;44;209210;14;1;0;0;0;0;0;0;0;0;0;0;0;0;0;0;0
0;0;0;0;0;-12;0;-1;6;1;0;0;0;0;0;-4;-4;109119;6;1;-4;-4;120;6;1;0;0;0;0;0;-4;0;211214215215214.0;66666;5;0;0;0;0;0;0;0;0;0;0;0;0;0;0;0
0;0;0;0;0;0;0;0;0;0;0;0;0;0;0;0;0;0;0;0;0;0;0;0;0;0;0;0;0;0;-4;4;216203;7;1;0;0;0;0;0;0;0;0;0;0;0;0;0;0;0
0;0;0;0;0;0;0;0;0;0;0;0;0;0;0;-4;0;104;7;1;0;0;0;0;0;0;0;0;0;0;-4;4;108217;7;1;0;0;0;0;0;0;0;0;0;0;0;0;0;0;0
0;0;0;0;0;0;0;0;0;0;0;0;0;0;0;-4;0;104;7;1;0;0;0;0;0;0;0;0;0;0;-4;4;108218;7;1;0;0;0;0;0;0;0;0;0;0;0;0;0;0;0
0;0;0;0;0;0;0;0;0;0;0;0;0;0;0;0;0;0;0;0;0;0;0;0;0;0;0;0;0;0;-4;4;219220;7;1;0;0;0;0;0;0;0;0;0;0;0;0;0;0;0
0;0;0;0;0;0;0;0;0;0;0;0;0;0;0;-4;0;104;6;1;0;0;0;0;0;0;0;0;0;0;-4;4;108221;6;1;0;0;0;0;0;0;0;0;0;0;0;0;0;0;0
0;0;0;0;0;0;0;0;0;0;0;0;0;0;0;-4;0;104;6;1;0;0;0;0;0;0;0;0;0;0;-4;4;108222;6;1;0;0;0;0;0;0;0;0;0;0;0;0;0;0;0
0;0;0;0;0;0;0;0;0;0;0;0;0;0;0;-4;0;104;6;1;0;0;0;0;0;0;0;0;0;0;-4;4;108223;6;1;0;0;0;0;0;0;0;0;0;0;0;0;0;0;0
0;0;0;0;0;0;0;0;0;0;0;0;0;0;0;-4;0;104;6;1;0;0;0;0;0;0;0;0;0;0;-4;4;108224;6;1;0;0;0;0;0;0;0;0;0;0;0;0;0;0;0
0;0;0;0;0;0;0;0;0;0;0;0;0;0;0;-4;0;104;24;1;0;0;0;0;0;0;0;0;0;0;-4;0;108;24;1;0;0;0;0;0;0;0;0;0;0;0;0;0;0;0
0;0;0;0;0;0;0;0;0;0;0;0;0;0;0;-4;0;104;6;1;0;0;0;0;0;0;0;0;0;0;-4;44444444;1.0e+INF;666666;6;0;0;0;0;0;0;0;0;0;0;0;0;0;0;0
-6;-6;-11;25;1;0;0;0;0;0;0;0;0;0;0;-4;0;104;25;1;0;0;0;0;0;0;0;0;0;0;-4;0;108;25;1;0;0;0;0;0;0;0;0;0;0;0;0;0;0;0
0;0;0;0;0;0;0;0;0;0;0;0;0;0;0;-4;0;104;6;1;0;0;0;0;0;0;0;0;0;0;-4;4;108149;6;1;0;0;0;0;0;0;0;0;0;0;0;0;0;0;0
0;0;0;0;0;0;0;0;0;0;0;0;0;0;0;0;0;0;0;0;0;0;0;0;0;0;0;0;0;0;-4;4;233234;6;1;0;0;0;0;0;0;0;0;0;0;0;0;0;0;0
0;0;0;0;0;-12;0;-1;6;1;0;0;0;0;0;-4;0;104;6;1;0;0;0;0;0;0;0;0;0;0;-4;4;108235122108238.0;666;3;0;0;0;0;0;0;0;0;0;0;0;0;0;0;0
0;0;0;0;0;-12;0;-1;6;1;0;0;0;0;0;-4;0;104;6;1;0;0;0;0;0;0;0;0;0;0;-4;4;108235122108238.0;666;3;0;0;0;0;0;0;0;0;0;0;0;0;0;0;0
0;0;0;0;0;-12;0;-1;6;1;0;0;0;0;0;-4;0;104;6;1;0;0;0;0;0;0;0;0;0;0;-4;4;108235122108.0;666;3;0;0;0;0;0;0;0;0;0;0;0;0;0;0;0
0;0;0;0;0;-12;0;-1;6;1;0;0;0;0;0;-4;0;104;6;1;0;0;0;0;0;0;0;0;0;0;-4;4;108235122108.0;666;3;0;0;0;0;0;0;0;0;0;0;0;0;0;0;0
0;0;0;0;0;0;0;0;0;0;0;0;0;0;0;-4;0;104;6;1;0;0;0;0;0;0;0;0;0;0;-4;44;108236;6;1;0;0;0;0;0;0;0;0;0;0;0;0;0;0;0
0;0;0;0;0;0;0;0;0;0;0;0;0;0;0;0;0;0;0;0;0;0;0;0;0;0;0;0;0;0;-4;4;237238;6;1;0;0;0;0;0;0;0;0;0;0;0;0;0;0;0
0;0;0;0;0;0;0;0;0;0;0;0;0;0;0;0;0;0;0;0;0;0;0;0;0;0;0;0;0;0;0;0;0;0;0;0;0;0;0;0;0;0;0;0;0;0;0;0;0;0
0;0;0;0;0;0;0;0;0;0;0;0;0;0;0;0;0;0;0;0;0;0;0;0;0;0;0;0;0;0;0;0;0;0;0;0;0;0;0;0;0;0;0;0;0;0;0;0;0;0
0;0;0;0;0;0;0;0;0;0;0;0;0;0;0;0;0;0;0;0;0;0;0;0;0;0;0;0;0;0;-4;4;239240;24;1;0;0;0;0;0;0;0;0;0;0;0;0;0;0;0
0;0;0;0;0;-9;0;-1;6;1;0;0;0;0;0;-4;0;104;6;1;0;0;0;0;0;0;0;0;0;0;-4;4;108143;6;1;0;0;0;0;0;0;0;0;0;0;0;0;0;0;0
-6;-66;-111;7;1;0;0;0;0;0;0;0;0;0;0;-4;0;104;7;1;0;0;0;0;0;0;0;0;0;0;-4;44;108241242;7;1;0;0;0;0;0;0;0;0;0;0;0;0;0;0;0
0;0;0;0;0;0;0;0;0;0;0;0;0;0;0;-4;0;104;6;1;0;0;0;0;0;0;0;0;0;0;-4;44444;225226108215.01;666;3;0;0;0;0;0;0;0;0;0;0;0;0;0;0;0
0;0;0;0;0;0;0;0;0;0;0;0;0;0;0;-4;0;104;6;1;0;0;0;0;0;0;0;0;0;0;-4;0;108;6;1;0;0;0;0;0;0;0;0;0;0;0;0;0;0;0
0;0;0;0;0;0;0;0;0;0;0;0;0;0;0;-4;0;104;6;1;0;0;0;0;0;0;0;0;0;0;-4;4;108143;6;1;0;0;0;0;0;0;0;0;0;0;0;0;0;0;0
0;0;0;0;0;0;0;0;0;0;0;0;0;0;0;0;0;0;0;0;0;0;0;0;0;0;0;0;0;0;0;0;0;0;0;0;0;0;0;0;0;0;0;0;0;-4;0;100;6;1
-6;-6;-11;22;1;0;0;0;0;0;0;0;0;0;0;0;0;0;0;0;0;0;0;0;0;0;0;0;0;0;-4;4;247248;22;1;0;0;0;0;0;0;0;0;0;0;0;0;0;0;0
0;0;0;0;0;0;0;0;0;0;0;0;0;0;0;-4;0;104;6;1;0;0;0;0;0;0;0;0;0;0;-4;4;108241;6;1;0;0;0;0;0;0;0;0;0;0;0;0;0;0;0
0;0;0;0;0;0;0;0;0;0;0;0;0;0;0;0;0;0;0;0;0;0;0;0;0;0;0;0;0;0;-4;4;249227;24;1;0;0;0;0;0;0;0;0;0;0;0;0;0;0;0
0;0;0;0;0;0;0;0;0;0;0;0;0;0;0;0;0;0;0;0;0;0;0;0;0;0;0;0;0;0;-4;4;247250108;66;2;0;0;0;0;0;0;0;0;0;0;0;0;0;0;0
0;0;0;0;0;0;0;0;0;0;0;0;0;0;0;0;0;0;0;0;0;0;0;0;0;0;0;0;0;0;-4;44;252253254;6;1;0;0;0;0;0;0;0;0;0;0;0;0;0;0;0
0;0;0;0;0;0;0;0;0;0;0;0;0;0;0;-4;0;105;6;1;0;0;0;0;0;0;0;0;0;0;-4;4;108143;6;1;0;0;0;0;0;0;0;0;0;0;0;0;0;0;0
0;0;0;0;0;-12;0;-1;26;1;0;0;0;0;0;0;0;0;0;0;0;0;0;0;0;0;0;0;0;0;-4;0;256112113108257.03;26267666;6;8;0;1;7;1;0;0;0;0;0;0;0;0;0;0
0;0;0;0;0;0;0;0;0;0;0;0;0;0;0;-4;0;123;2;1;0;0;0;0;0;0;0;0;0;0;0;0;0;0;0;8;0;1;2;1;0;0;0;0;0;0;0;0;0;0
0;0;0;0;0;0;0;0;0;0;0;0;0;0;0;-4;0;123;27;1;0;0;0;0;0;0;0;0;0;0;-4;0;203;27;1;8;0;1;27;1;0;0;0;0;0;0;0;0;0;0
0;0;0;0;0;0;0;0;0;0;0;0;0;0;0;-4;0;105;6;1;0;0;0;0;0;0;0;0;0;0;-4;4;111108;6;1;0;0;0;0;0;0;0;0;0;0;0;0;0;0;0
0;0;0;0;0;-12;0;-1;6;1;0;0;0;0;0;-4;0;104;6;1;0;0;0;0;0;0;0;0;0;0;-4;44;1.0826313711326414e+17;666;3;0;0;0;0;0;0;0;0;0;0;0;0;0;0;0
0;0;0;0;0;0;0;0;0;0;0;0;0;0;0;-4;0;104;6;1;0;0;0;0;0;0;0;0;0;0;-4;0;1.0810826526610827e+20;66666;5;0;0;0;0;0;0;0;0;0;0;0;0;0;0;0
0;0;0;0;0;0;0;0;0;0;0;0;0;0;0;-4;0;104;6;1;0;0;0;0;0;0;0;0;0;0;-4;44444;108228124268.01083;66;2;0;0;0;0;0;0;0;0;0;0;0;0;0;0;0
0;0;0;0;0;0;0;0;0;0;0;0;0;0;0;-4;0;104;6;1;0;0;0;0;0;0;0;0;0;0;-4;44444;108228124268.01082;66;2;0;0;0;0;0;0;0;0;0;0;0;0;0;0;0
0;0;0;0;0;0;0;0;0;0;0;0;0;0;0;-4;0;104;6;1;0;0;0;0;0;0;0;0;0;0;-4;4;108270108271.0;66;2;0;0;0;0;0;0;0;0;0;0;0;0;0;0;0
0;0;0;0;0;0;0;0;0;0;0;0;0;0;0;-4;0;104;6;1;0;0;0;0;0;0;0;0;0;0;-4;4;108270108272.0;66;2;0;0;0;0;0;0;0;0;0;0;0;0;0;0;0
0;0;0;0;0;0;0;0;0;0;0;0;0;0;0;-4;0;104;6;1;0;0;0;0;0;0;0;0;0;0;-4;44;108273108222.0;66;2;0;0;0;0;0;0;0;0;0;0;0;0;0;0;0
0;0;0;0;0;0;0;0;0;0;0;0;0;0;0;-4;0;104;6;1;0;0;0;0;0;0;0;0;0;0;-4;44;108273108223.0;66;2;0;0;0;0;0;0;0;0;0;0;0;0;0;0;0
0;0;0;0;0;0;0;0;0;0;0;0;0;0;0;0;0;0;0;0;0;0;0;0;0;0;0;0;0;0;-4;4;274275;6;1;0;0;0;0;0;0;0;0;0;0;0;0;0;0;0
0;0;0;0;0;0;0;0;0;0;0;0;0;0;0;0;0;0;0;0;0;0;0;0;0;0;0;0;0;0;-4;4;276277;6;1;0;0;0;0;0;0;0;0;0;0;0;0;0;0;0
0;0;0;0;0;0;0;0;0;0;0;0;0;0;0;0;0;0;0;0;0;0;0;0;0;0;0;0;0;0;-4;4;279274;6;1;0;0;0;0;0;0;0;0;0;0;0;0;0;0;0
0;0;0;0;0;0;0;0;0;0;0;0;0;0;0;0;0;0;0;0;0;0;0;0;0;0;0;0;0;0;-4;4;281276;6;1;0;0;0;0;0;0;0;0;0;0;0;0;0;0;0
0;0;0;0;0;0;0;0;0;0;0;0;0;0;0;-4;0;104;24;1;0;0;0;0;0;0;0;0;0;0;-4;44;108265224108.0;246;2;0;0;0;0;0;0;0;0;0;0;0;0;0;0;0
0;0;0;0;0;0;0;0;0;0;0;0;0;0;0;-4;0;105;6;1;0;0;0;0;0;0;0;0;0;0;-4;44444;108226108215221.02;666;3;0;0;0;0;0;0;0;0;0;0;0;0;0;0;0
0;0;0;0;0;0;0;0;0;0;0;0;0;0;0;0;0;0;0;0;0;0;0;0;0;0;0;0;0;0;-4;4;282283;6;1;0;0;0;0;0;0;0;0;0;0;0;0;0;0;0
0;0;0;0;0;0;0;0;0;0;0;0;0;0;0;-4;0;105;6;1;0;0;0;0;0;0;0;0;0;0;-4;4;108225108;66;2;0;0;0;0;0;0;0;0;0;0;0;0;0;0;0
0;0;0;0;0;0;0;0;0;0;0;0;0;0;0;-4;0;104;6;1;-4;0;124;6;1;0;0;0;0;0;-4;44;1.0e+INF;6666;4;0;0;0;0;0;0;0;0;0;0;0;0;0;0;0
0;0;0;0;0;0;0;0;0;0;0;0;0;0;0;0;0;0;0;0;0;0;0;0;0;0;0;0;0;0;-4;4;290215;6;1;0;0;0;0;0;0;0;0;0;0;0;0;0;0;0
0;0;0;0;0;0;0;0;0;0;0;0;0;0;0;0;0;0;0;0;0;0;0;0;0;0;0;0;0;0;-4;44;290124;7;1;0;0;0;0;0;0;0;0;0;0;0;0;0;0;0
0;0;0;0;0;0;0;0;0;0;0;0;0;0;0;-4;0;104;6;1;0;0;0;0;0;0;0;0;0;0;-4;444444444;1.0e+INF;67;2;0;0;0;0;0;0;0;0;0;0;0;0;0;0;0
0;0;0;0;0;0;0;0;0;0;0;0;0;0;0;-4;0;104;6;1;-4;0;124;7;1;0;0;0;0;0;-4;444444444;1.0e+INF;67;2;0;0;0;0;0;0;0;0;0;0;0;0;0;0;0
0;0;0;0;0;0;0;0;0;0;0;0;0;0;0;-4;0;104;6;1;0;0;0;0;0;0;0;0;0;0;-4;44;292108241;6;1;0;0;0;0;0;0;0;0;0;0;0;0;0;0;0
0;0;0;0;0;0;0;0;0;0;0;0;0;0;0;-4;0;104;6;1;0;0;0;0;0;0;0;0;0;0;-4;4;247292108;66;2;0;0;0;0;0;0;0;0;0;0;0;0;0;0;0
0;0;0;0;0;0;0;0;0;0;0;0;0;0;0;0;0;0;0;0;0;0;0;0;0;0;0;0;0;0;-4;4;293249;6;1;0;0;0;0;0;0;0;0;0;0;0;0;0;0;0
0;0;0;0;0;0;0;0;0;0;0;0;0;0;0;0;0;0;0;0;0;0;0;0;0;0;0;0;0;0;-4;4;293254;6;1;0;0;0;0;0;0;0;0;0;0;0;0;0;0;0
0;0;0;0;0;0;0;0;0;0;0;0;0;0;0;-4;0;104;6;1;0;0;0;0;0;0;0;0;0;0;-4;4;247294108227.0;66;2;0;0;0;0;0;0;0;0;0;0;0;0;0;0;0
0;0;0;0;0;0;0;0;0;0;0;0;0;0;0;-4;0;104;6;1;0;0;0;0;0;0;0;0;0;0;-4;4;108295108296.0;66;2;0;0;0;0;0;0;0;0;0;0;0;0;0;0;0
0;0;0;0;0;0;0;0;0;0;0;0;0;0;0;0;0;0;0;0;0;0;0;0;0;0;0;0;0;0;-4;4;297298;6;1;0;0;0;0;0;0;0;0;0;0;0;0;0;0;0
0;0;0;0;0;0;0;0;0;0;0;0;0;0;0;0;0;0;0;0;0;0;0;0;0;0;0;0;0;0;-4;4;297299;6;1;0;0;0;0;0;0;0;0;0;0;0;0;0;0;0
0;0;0;0;0;0;0;0;0;0;0;0;0;0;0;0;0;0;0;0;0;0;0;0;0;0;0;0;0;0;-4;44;300301298;6;1;0;0;0;0;0;0;0;0;0;0;0;0;0;0;0
0;0;0;0;0;0;0;0;0;0;0;0;0;0;0;0;0;0;0;0;0;0;0;0;0;0;0;0;0;0;-4;4444;302300301300302.0;6;1;0;0;0;0;0;0;0;0;0;0;0;0;0;0;0
0;0;0;0;0;0;0;0;0;0;0;0;0;0;0;0;0;0;0;0;0;0;0;0;0;0;0;0;0;0;-4;44;303299;6;1;0;0;0;0;0;0;0;0;0;0;0;0;0;0;0
0;0;0;0;0;0;0;0;0;0;0;0;0;0;0;0;0;0;0;0;0;0;0;0;0;0;0;0;0;0;0;0;0;0;0;0;0;0;0;0;0;0;0;0;0;-4;0;100;6;1
0;0;0;0;0;0;0;0;0;0;0;0;0;0;0;0;0;0;0;0;0;0;0;0;0;0;0;0;0;0;-4;4444;301120297305302.0;6;1;0;0;0;0;0;0;0;0;0;0;0;0;0;0;0
0;0;0;0;0;0;0;0;0;0;0;0;0;0;0;0;0;0;0;0;0;0;0;0;0;0;0;0;0;0;-4;4;306299;6;1;0;0;0;0;0;0;0;0;0;0;0;0;0;0;0
0;0;0;0;0;0;0;0;0;0;0;0;0;0;0;0;0;0;0;0;0;0;0;0;0;0;0;0;0;0;0;0;0;0;0;0;0;0;0;0;0;0;0;0;0;-4;0;100;6;1
0;0;0;0;0;0;0;0;0;0;0;0;0;0;0;0;0;0;0;0;0;0;0;0;0;0;0;0;0;0;-4;4;304308;6;1;0;0;0;0;0;0;0;0;0;0;0;0;0;0;0
0;0;0;0;0;0;0;0;0;0;0;0;0;0;0;0;0;0;0;0;0;0;0;0;0;0;0;0;0;0;0;0;0;0;0;8;0;1;26;1;0;0;0;0;0;0;0;0;0;0
0;0;0;0;0;0;0;0;0;0;0;0;0;0;0;-4;0;126;2;1;0;0;0;0;0;0;0;0;0;0;0;0;0;0;0;8;0;1;2;1;0;0;0;0;0;0;0;0;0;0
0;0;0;0;0;0;0;0;0;0;0;0;0;0;0;0;0;0;0;0;0;0;0;0;0;0;0;0;0;0;-4;4;310311;27;1;0;0;0;0;0;0;0;0;0;0;0;0;0;0;0
0;0;0;0;0;0;0;0;0;0;0;0;0;0;0;-4;-4;126126;6;1;0;0;0;0;0;-4;0;0;7;1;-4;0;3.123123133043083e+20;286;2;8;80;11;2828;2;0;0;0;0;0;0;0;0;0;0
0;0;0;0;0;0;0;0;0;0;0;0;0;0;0;-4;-4;126126;6;1;0;0;0;0;0;0;0;0;0;0;-4;44;306313315306.0;66;2;8;0;1;6;1;0;0;0;0;0;0;0;0;0;0
0;0;0;0;0;0;0;0;0;0;0;0;0;0;0;0;0;0;0;0;0;0;0;0;0;-4;0;0;7;1;-4;4444;298303316121304.06;66;2;0;0;0;0;0;0;0;0;0;0;0;0;0;0;0
0;0;0;0;0;0;0;0;0;0;0;0;0;0;0;-4;0;104;6;1;0;0;0;0;0;0;0;0;0;0;-4;4;108238;6;1;0;0;0;0;0;0;0;0;0;0;0;0;0;0;0
0;0;0;0;0;0;0;0;0;0;0;0;0;0;0;-4;0;104;6;1;0;0;0;0;0;0;0;0;0;0;-4;44;108319285;6;1;0;0;0;0;0;0;0;0;0;0;0;0;0;0;0
0;0;0;0;0;-12;0;-1;6;1;0;0;0;0;0;-4;0;104;6;1;0;0;0;0;0;0;0;0;0;0;-4;44;1.0831928510814815e+23;666;3;0;0;0;0;0;0;0;0;0;0;0;0;0;0;0
0;0;0;0;0;-12;0;-1;6;1;0;0;0;0;0;-4;0;104;6;1;0;0;0;0;0;0;0;0;0;0;-4;4;108149108143.0;66;2;0;0;0;0;0;0;0;0;0;0;0;0;0;0;0
0;0;0;0;0;-12;0;-1;66;2;0;0;0;0;0;-4;0;104;6;1;0;0;0;0;0;0;0;0;0;0;-4;44;1.0832114910810816e+26;6666;4;0;0;0;0;0;0;0;0;0;0;0;0;0;0;0
0;0;0;0;0;-9;0;-1;6;1;0;0;0;0;0;-4;0;104;6;1;0;0;0;0;0;0;0;0;0;0;-4;4;108143;6;1;0;0;0;0;0;0;0;0;0;0;0;0;0;0;0
0;0;0;0;0;0;0;0;0;0;0;0;0;0;0;-4;0;104;6;1;0;0;0;0;0;0;0;0;0;0;-4;44;108322319;6;1;0;0;0;0;0;0;0;0;0;0;0;0;0;0;0
0;0;0;0;0;0;0;0;0;0;0;0;0;0;0;0;0;0;0;0;0;0;0;0;0;0;0;0;0;0;-4;4;323324;6;1;0;0;0;0;0;0;0;0;0;0;0;0;0;0;0
0;0;0;0;0;0;0;0;0;0;0;0;0;0;0;-4;0;104;6;1;0;0;0;0;0;0;0;0;0;0;-4;4;1.0832223822812427e+17;666667;6;0;0;0;0;0;0;0;0;0;0;0;0;0;0;0
0;0;-1;7;1;0;0;0;0;0;0;0;0;0;0;0;0;0;0;0;0;0;0;0;0;0;0;0;0;0;-4;44;328329330;7;1;0;0;0;0;0;0;0;0;0;0;0;0;0;0;0
0;0;-1;7;1;0;0;0;0;0;0;0;0;0;0;0;0;0;0;0;0;0;0;0;0;0;0;0;0;0;-4;444;331302332333.0;7;1;0;0;0;0;0;0;0;0;0;0;0;0;0;0;0
0;0;-1;7;1;0;0;0;0;0;0;0;0;0;0;0;0;0;0;0;0;0;0;0;0;0;0;0;0;0;-4;444;334301332333.0;7;1;0;0;0;0;0;0;0;0;0;0;0;0;0;0;0
0;0;-1;7;1;0;0;0;0;0;0;0;0;0;0;0;0;0;0;0;0;0;0;0;0;0;0;0;0;0;-4;44444;331302335336229.0;7;1;0;0;0;0;0;0;0;0;0;0;0;0;0;0;0
0;0;0;0;0;-4;0;-1;6;1;0;0;0;0;0;-4;0;104;6;1;0;0;0;0;0;0;0;0;0;0;-4;0;108108108337.0;666;3;0;0;0;0;0;0;0;0;0;0;0;0;0;0;0
0;0;0;0;0;-4;0;-1;6;1;0;0;0;0;0;-4;0;104;6;1;0;0;0;0;0;0;0;0;0;0;-4;0;108108108338.0;666;3;0;0;0;0;0;0;0;0;0;0;0;0;0;0;0
0;0;0;0;0;0;0;0;0;0;0;0;0;0;0;-4;0;104;6;1;0;0;0;0;0;0;0;0;0;0;-4;44;1.0833912312612413e+17;666;3;0;0;0;0;0;0;0;0;0;0;0;0;0;0;0
0;0;0;0;0;0;0;0;0;0;0;0;0;0;0;0;0;0;0;0;0;0;0;0;0;0;0;0;0;0;-4;4;340341;6;1;0;0;0;0;0;0;0;0;0;0;0;0;0;0;0
0;0;0;0;0;0;0;0;0;0;0;0;0;0;0;0;0;0;0;0;0;0;0;0;0;0;0;0;0;0;-4;44;177341342;6;1;0;0;0;0;0;0;0;0;0;0;0;0;0;0;0
0;0;0;0;0;0;0;0;0;0;0;0;0;0;0;0;0;0;0;0;0;0;0;0;0;0;0;0;0;0;-4;4;340342;6;1;0;0;0;0;0;0;0;0;0;0;0;0;0;0;0
0;0;0;0;0;0;0;0;0;0;0;0;0;0;0;0;0;0;0;0;0;0;0;0;0;0;0;0;0;0;-4;4;340343;6;1;0;0;0;0;0;0;0;0;0;0;0;0;0;0;0
0;0;0;0;0;0;0;0;0;0;0;0;0;0;0;-4;0;105;7;1;0;0;0;0;0;0;0;0;0;0;-4;44;2.3323434410822533e+20;777;3;0;0;0;0;0;0;0;0;0;0;0;0;0;0;0
0;0;0;0;0;0;0;0;0;0;0;0;0;0;0;0;0;0;0;0;0;0;0;0;0;0;0;0;0;0;0;0;0;0;0;0;0;0;0;0;0;0;0;0;0;-4;0;100;7;1
0;0;0;0;0;0;0;0;0;0;0;0;0;0;0;0;0;0;0;0;0;0;0;0;0;0;0;0;0;0;-4;4;347348;7;1;0;0;0;0;0;0;0;0;0;0;0;0;0;0;0
0;0;0;0;0;0;0;0;0;0;0;0;0;0;0;0;0;0;0;0;0;0;0;0;0;0;0;0;0;0;-4;4;347348;7;1;0;0;0;0;0;0;0;0;0;0;0;0;0;0;0
0;0;0;0;0;0;0;0;0;0;0;0;0;0;0;0;0;0;0;0;0;0;0;0;0;0;0;0;0;0;-4;4;347348;7;1;0;0;0;0;0;0;0;0;0;0;0;0;0;0;0
-6;-66;-111;7;1;0;0;0;0;0;0;0;0;0;0;0;0;0;0;0;0;0;0;0;0;0;0;0;0;0;-4;44;274349;7;1;0;0;0;0;0;0;0;0;0;0;0;0;0;0;0
-22;-253;-111;7;1;-4;0;-1;6;1;0;0;0;0;0;-4;0;119119;77;2;0;0;0;0;0;-4;0;0;7;1;-4;4444444;1.0e+INF;666;3;0;0;0;0;0;0;0;0;0;0;0;0;0;0;0
0;0;0;0;0;0;0;0;0;0;0;0;0;0;0;0;0;0;0;0;0;0;0;0;0;0;0;0;0;0;-4;0;108;6;1;0;0;0;0;0;0;0;0;0;0;0;0;0;0;0
-22;-253;-111;7;1;0;0;0;0;0;0;0;0;0;0;0;0;0;0;0;0;0;0;0;0;0;0;0;0;0;-4;44;353273108;76;2;0;0;0;0;0;0;0;0;0;0;0;0;0;0;0
0;0;0;0;0;0;0;0;0;0;0;0;0;0;0;0;0;0;0;0;0;0;0;0;0;0;0;0;0;0;0;0;0;0;0;0;0;0;0;0;0;0;0;0;0;-4;0;100;6;1
0;0;0;0;0;0;0;0;0;0;0;0;0;0;0;0;0;0;0;0;0;0;0;0;0;0;0;0;0;0;0;0;0;0;0;0;0;0;0;0;0;0;0;0;0;-4;0;100;6;1
0;0;0;0;0;0;0;0;0;0;0;0;0;0;0;0;0;0;0;0;0;0;0;0;0;0;0;0;0;0;0;0;0;0;0;0;0;0;0;0;0;0;0;0;0;-4;0;100;6;1
0;0;0;0;0;0;0;0;0;0;0;0;0;0;0;0;0;0;0;0;0;0;0;0;0;0;0;0;0;0;-4;4;108215;6;1;0;0;0;0;0;0;0;0;0;0;0;0;0;0;0
0;0;0;0;0;0;0;0;0;0;0;0;0;0;0;0;0;0;0;0;0;0;0;0;0;0;0;0;0;0;-4;4;247355251;66;2;0;0;0;0;0;0;0;0;0;0;0;0;0;0;0
0;0;0;0;0;0;0;0;0;0;0;0;0;0;0;0;0;0;0;0;0;0;0;0;0;0;0;0;0;0;0;0;0;0;0;0;0;0;0;0;0;0;0;0;0;-4;0;100;6;1
0;0;0;0;0;0;0;0;0;0;0;0;0;0;0;0;0;0;0;0;0;0;0;0;0;0;0;0;0;0;-4;4;357356;6;1;0;0;0;0;0;0;0;0;0;0;0;0;0;0;0
0;0;0;0;0;0;0;0;0;0;0;0;0;0;0;0;0;0;0;0;0;0;0;0;0;0;0;0;0;0;-4;44;339358;66;2;0;0;0;0;0;0;0;0;0;0;0;0;0;0;0
0;0;0;0;0;0;0;0;0;0;0;0;0;0;0;-4;-44;109114109;27;1;0;0;0;0;0;0;0;0;0;0;-4;4;108359;27;1;0;0;0;0;0;0;0;0;0;0;0;0;0;0;0
0;0;0;0;0;0;0;0;0;0;0;0;0;0;0;0;0;0;0;0;0;0;0;0;0;0;0;0;0;0;0;0;0;0;0;0;0;0;0;0;0;0;0;7;1;0;0;0;0;0
0;0;0;0;0;0;0;0;0;0;0;0;0;0;0;0;0;0;0;0;0;0;0;0;0;0;0;0;0;0;0;0;0;0;0;0;0;0;0;0;0;0;0;6;1;0;0;0;0;0
0;0;0;0;0;0;0;0;0;0;0;0;0;0;0;0;0;0;0;0;0;0;0;0;0;0;0;0;0;0;0;0;0;0;0;0;0;0;0;0;0;0;0;0;0;-4;0;100;29;1
0;0;0;0;0;0;0;0;0;0;0;0;0;0;0;0;0;0;0;0;0;0;0;0;0;0;0;0;0;0;0;0;0;0;0;0;0;0;0;0;0;0;0;0;0;-4;0;100;6;1
0;0;0;0;0;0;0;0;0;0;0;0;0;0;0;0;0;0;0;0;0;0;0;0;0;0;0;0;0;0;0;0;0;0;0;0;0;0;0;0;0;0;0;0;0;-4;0;100;6;1
-6;0;-1;12;1;0;0;0;0;0;0;0;0;0;0;0;0;0;0;0;0;0;0;0;0;0;0;0;0;0;-4;44;363364;12;1;0;0;0;0;0;0;0;0;0;0;0;0;0;0;0
0;0;0;0;0;0;0;0;0;0;0;0;0;0;0;0;0;0;0;0;0;0;0;0;0;0;0;0;0;0;-4;0;365;6;1;0;0;0;0;0;0;0;0;0;0;0;0;0;0;0
0;0;0;0;0;-12;0;-1;666;3;0;0;0;0;0;-4;0;104;6;1;0;0;0;0;0;0;0;0;0;0;-4;44;1.0836636710836624e+29;66666;5;0;0;0;0;0;0;0;0;0;0;0;0;0;0;0
0;0;0;0;0;0;0;0;0;0;0;0;0;0;0;0;0;0;0;0;0;0;0;0;0;0;0;0;0;0;-4;4;369311;2;1;0;0;0;0;0;0;0;0;0;0;0;0;0;0;0
0;0;0;0;0;0;0;0;0;0;0;0;0;0;0;-4;0;104;6;1;0;0;0;0;0;0;0;0;0;0;-4;0;108108;66;2;0;0;0;0;0;0;0;0;0;0;0;0;0;0;0
0;0;0;0;0;0;0;0;0;0;0;0;0;0;0;-4;0;104;7;1;0;0;0;0;0;0;0;0;0;0;-4;4;108370;7;1;0;0;0;0;0;0;0;0;0;0;0;0;0;0;0
0;0;0;0;0;0;0;0;0;0;0;0;0;0;0;-4;0;104;7;1;0;0;0;0;0;0;0;0;0;0;-4;44;108371108370.0;77;2;0;0;0;0;0;0;0;0;0;0;0;0;0;0;0
0;0;0;0;0;0;0;0;0;0;0;0;0;0;0;-4;0;104;7;1;0;0;0;0;0;0;0;0;0;0;-4;4;108372;7;1;0;0;0;0;0;0;0;0;0;0;0;0;0;0;0
0;0;0;0;0;0;0;0;0;0;0;0;0;0;0;-4;0;104;7;1;0;0;0;0;0;0;0;0;0;0;-4;4;108373;7;1;0;0;0;0;0;0;0;0;0;0;0;0;0;0;0
0;0;0;0;0;0;0;0;0;0;0;0;0;0;0;-4;0;104;7;1;0;0;0;0;0;0;0;0;0;0;-4;4;108373;7;1;0;0;0;0;0;0;0;0;0;0;0;0;0;0;0
0;0;0;0;0;0;0;0;0;0;0;0;0;0;0;0;0;0;0;0;0;0;0;0;0;0;0;0;0;0;-4;4;374375;7;1;0;0;0;0;0;0;0;0;0;0;0;0;0;0;0
0;0;0;0;0;0;0;0;0;0;0;0;0;0;0;-4;0;104;7;1;0;0;0;0;0;0;0;0;0;0;-4;4;108372;7;1;0;0;0;0;0;0;0;0;0;0;0;0;0;0;0
0;0;0;0;0;0;0;0;0;0;0;0;0;0;0;0;0;0;0;0;0;0;0;0;0;0;0;0;0;0;0;0;0;0;0;0;0;0;0;0;0;0;0;0;0;-4;0;100;7;1
0;0;0;0;0;0;0;0;0;0;0;0;0;0;0;-4;0;104;7;1;0;0;0;0;0;0;0;0;0;0;-4;4;108372;7;1;0;0;0;0;0;0;0;0;0;0;0;0;0;0;0
0;0;0;0;0;0;0;0;0;0;0;0;0;0;0;0;0;0;0;0;0;0;0;0;0;0;0;0;0;0;-4;0;371108;77;2;0;0;0;0;0;0;0;0;0;0;0;0;0;0;0
0;0;0;0;0;0;0;0;0;0;0;0;0;0;0;0;0;0;0;0;0;0;0;0;0;0;0;0;0;0;-4;4;371370377378108.0;777;3;0;0;0;0;0;0;0;0;0;0;0;0;0;0;0
0;0;0;0;0;0;0;0;0;0;0;0;0;0;0;0;0;0;0;0;0;0;0;0;0;0;0;0;0;0;-4;4444;370377379380381.0;7;1;0;0;0;0;0;0;0;0;0;0;0;0;0;0;0
0;0;0;0;0;0;0;0;0;0;0;0;0;0;0;-4;0;104;7;1;0;0;0;0;0;0;0;0;0;0;-4;4;108382;7;1;0;0;0;0;0;0;0;0;0;0;0;0;0;0;0
0;0;0;0;0;0;0;0;0;0;0;0;0;0;0;0;0;0;0;0;0;0;0;0;0;0;0;0;0;0;-4;44;383384385;7;1;0;0;0;0;0;0;0;0;0;0;0;0;0;0;0
0;0;0;0;0;0;0;0;0;0;0;0;0;0;0;0;0;0;0;0;0;0;0;0;0;0;0;0;0;0;0;0;0;0;0;0;0;0;0;0;0;0;0;0;0;-4;0;100;7;1
0;0;-1;7;1;0;0;0;0;0;0;0;0;0;0;-4;0;104;7;1;0;0;0;0;0;0;0;0;0;0;-4;444;108389390108.0;7;1;0;0;0;0;0;0;0;0;0;0;0;0;0;0;0
0;0;-1;7;1;0;0;0;0;0;0;0;0;0;0;0;0;0;0;0;0;0;0;0;0;0;0;0;0;0;-4;44;392390393;7;1;0;0;0;0;0;0;0;0;0;0;0;0;0;0;0
0;0;0;0;0;0;0;0;0;0;0;0;0;0;0;-4;0;104;6;1;0;0;0;0;0;0;0;0;0;0;-4;0;394108395;666;3;0;0;0;0;0;0;0;0;0;0;0;0;0;0;0
0;0;0;0;0;0;0;0;0;0;0;0;0;0;0;0;0;0;0;0;0;0;0;0;0;0;0;0;0;0;-4;4444;396345396349.0;24;1;0;0;0;0;0;0;0;0;0;0;0;0;0;0;0
-6;-6;-11;25;1;0;0;0;0;0;0;0;0;0;0;0;0;0;0;0;0;0;0;0;0;0;0;0;0;0;-4;0;397;25;1;0;0;0;0;0;0;0;0;0;0;0;0;0;0;0
-22;-253;-111;7;1;0;0;0;0;0;0;0;0;0;0;-4;0;119;7;1;0;0;0;0;0;0;0;0;0;0;-4;4444;350282347350.0;76;2;0;0;0;0;0;0;0;0;0;0;0;0;0;0;0
-22;-253;-111;7;1;0;0;0;0;0;0;0;0;0;0;-4;0;119;7;1;0;0;0;0;0;0;0;0;0;0;-4;4444;350282346350.0;76;2;0;0;0;0;0;0;0;0;0;0;0;0;0;0;0
0;0;0;0;0;0;0;0;0;0;0;0;0;0;0;0;0;0;0;0;0;0;0;0;0;0;0;0;0;0;-4;44;346348;6;1;0;0;0;0;0;0;0;0;0;0;0;0;0;0;0
0;0;0;0;0;0;0;0;0;0;0;0;0;0;0;-4;0;105;6;1;0;0;0;0;0;0;0;0;0;0;-4;44;1.0e+INF;66666;5;0;0;0;0;0;0;0;0;0;0;0;0;0;0;0
0;0;0;0;0;0;0;0;0;0;0;0;0;0;0;-4;0;105;6;1;0;0;0;0;0;0;0;0;0;0;-4;0;403108395;66;2;0;0;0;0;0;0;0;0;0;0;0;0;0;0;0
0;0;0;0;0;0;0;0;0;0;0;0;0;0;0;0;0;0;0;0;0;0;0;0;0;0;0;0;0;0;0;0;0;0;0;0;0;0;0;0;0;0;0;0;0;-4;0;100;30;1
0;0;0;0;0;0;0;0;0;0;0;0;0;0;0;0;0;0;0;0;0;0;0;0;0;0;0;0;0;0;-4;444;396246293345.0;6;1;0;0;0;0;0;0;0;0;0;0;0;0;0;0;0
0;0;0;0;0;0;0;0;0;0;0;0;0;0;0;0;0;0;0;0;0;0;0;0;0;0;0;0;0;0;0;0;0;0;0;0;0;0;0;0;0;0;0;0;0;-4;0;100;30;1
0;0;0;0;0;0;0;0;0;0;0;0;0;0;0;0;0;0;0;0;0;0;0;0;0;0;0;0;0;0;-4;4;405293;6;1;0;0;0;0;0;0;0;0;0;0;0;0;0;0;0
0;0;0;0;0;0;0;0;0;0;0;0;0;0;0;0;0;0;0;0;0;0;0;0;0;0;0;0;0;0;-4;0;108266108;666;3;0;0;0;0;0;0;0;0;0;0;-4;0;100;6;1
0;0;0;0;0;0;0;0;0;0;0;0;0;0;0;0;0;0;0;0;-4;-4;129130130;777;3;0;0;0;0;0;-4;0;4.062652734072264e+20;76666;5;0;0;0;0;0;0;0;0;0;0;0;0;0;0;0
0;-24;-11;7;1;-12;0;-1;6;1;0;0;0;0;0;0;0;0;0;0;0;0;0;0;0;0;0;0;0;0;-4;0;4.1019527029541414e+35;66677666;8;0;0;0;0;0;0;0;0;0;0;0;0;0;0;0
0;0;0;0;0;0;0;0;0;0;0;0;0;0;0;0;0;0;0;0;0;0;0;0;0;0;0;0;0;0;-4;0;295418295108364.0;666;3;0;0;0;0;0;0;0;0;0;0;0;0;0;0;0
0;0;0;0;0;-4;0;-1;6;1;0;0;0;0;0;-4;0;133;6;1;-4;-4;120;6;1;-4;0;0;6;1;-4;444;1.0e+INF;6666;4;0;0;0;0;0;0;0;0;0;0;0;0;0;0;0
0;0;0;0;0;0;0;0;0;0;0;0;0;0;0;0;0;0;0;0;0;0;0;0;0;0;0;0;0;0;-4;44;310421422;6;1;0;0;0;0;0;0;0;0;0;0;0;0;0;0;0
0;0;0;0;0;0;0;0;0;0;0;0;0;0;0;0;0;0;0;0;0;0;0;0;0;0;0;0;0;0;-4;44;262262423;6;1;0;0;0;0;0;0;0;0;0;0;0;0;0;0;0
0;0;0;0;0;0;0;0;0;0;0;0;0;0;0;0;0;0;0;0;0;0;0;0;0;0;0;0;0;0;-4;4;2.6540710742427312e+17;6666;4;0;0;0;0;0;0;0;0;0;0;0;0;0;0;0
0;0;0;0;0;0;0;0;0;0;0;0;0;0;0;0;0;0;0;0;0;0;0;0;0;0;0;0;0;0;-4;444;425426427269.0;6;1;0;0;0;0;0;0;0;0;0;0;0;0;0;0;0
0;0;0;0;0;0;0;0;0;0;0;0;0;0;0;0;0;0;0;0;0;0;0;0;0;0;0;0;0;0;-4;4444;227249426423227.0;6;1;0;0;0;0;0;0;0;0;0;0;0;0;0;0;0
0;0;0;0;0;0;0;0;0;0;0;0;0;0;0;0;0;0;0;0;0;0;0;0;0;0;0;0;0;0;0;0;0;0;0;0;0;0;0;0;0;0;0;0;0;-4;0;100;6;1
0;0;0;0;0;0;0;0;0;0;0;0;0;0;0;0;0;0;0;0;0;0;0;0;0;-4;0;0;6;1;-4;4;1.0e+INF;6.667666666666666e+17;18;8;0;1;7;1;0;0;0;0;0;-4;0;100;7;1
0;0;0;0;0;0;0;0;0;0;0;0;0;0;0;0;0;0;0;0;0;0;0;0;0;0;0;0;0;0;0;0;0;0;0;0;0;0;0;0;0;0;0;0;0;-4;0;100;6;1
0;0;0;0;0;0;0;0;0;0;0;0;0;0;0;-4;0;109133109120.0;272766;4;-4;-4;135136121;2767;3;-4;0;0;7;1;-4;44444;226194228124.01953;6666676;7;0;0;0;0;0;0;0;0;0;0;0;0;0;0;0
-20;0;-1;5;1;-2;0;-1;6666;4;0;0;0;0;0;-4;0;133133;67;2;-4;-4;138;7;1;-4;0;0;7;1;-4;0;3.9802364433644445e+27;667666666666617.0;14;8;80;11;1717;2;0;0;0;0;0;0;0;0;0;0
0;0;0;0;0;0;0;0;0;0;0;0;0;0;0;0;0;0;0;0;0;0;0;0;0;0;0;0;0;0;-4;44;4.524532654074101e+17;6666;4;0;0;0;0;0;0;0;0;0;0;0;0;0;0;0
0;0;0;0;0;0;0;0;0;0;0;0;0;0;0;-4;0;104;24;1;0;0;0;0;0;0;0;0;0;0;-4;4;107455456457108.0;6624;3;0;0;0;0;0;0;0;0;0;0;0;0;0;0;0
0;0;0;0;0;0;0;0;0;0;0;0;0;0;0;0;0;0;0;0;0;0;0;0;0;0;0;0;0;0;-4;4444;345426407224.0;6;1;0;0;0;0;0;0;0;0;0;0;0;0;0;0;0
0;0;0;0;0;0;0;0;0;0;0;0;0;0;0;0;0;0;0;0;0;0;0;0;0;0;0;0;0;0;-4;4;457458459108.0;66;2;0;0;0;0;0;0;0;0;0;0;0;0;0;0;0
0;0;0;0;0;0;0;0;0;0;0;0;0;0;0;-4;0;104;6;1;0;0;0;0;0;0;0;0;0;0;-4;4;108459;6;1;0;0;0;0;0;0;0;0;0;0;0;0;0;0;0
0;0;0;0;0;0;0;0;0;0;0;0;0;0;0;-4;0;104;6;1;0;0;0;0;0;0;0;0;0;0;-4;4;108460;6;1;0;0;0;0;0;0;0;0;0;0;0;0;0;0;0
0;0;0;0;0;-4;0;-1;6;1;0;0;0;0;0;-4;0;104;6;1;0;0;0;0;0;0;0;0;0;0;-4;0;1.0846145810810847e+44;6666666;7;0;0;0;0;0;0;0;0;0;0;0;0;0;0;0
0;0;0;0;0;0;0;0;0;0;0;0;0;0;0;0;0;0;0;0;0;0;0;0;0;0;0;0;0;0;-4;4444;396464465457246.0;6;1;0;0;0;0;0;0;0;0;0;0;0;0;0;0;0
0;0;0;0;0;0;0;0;0;0;0;0;0;0;0;0;0;0;0;0;0;0;0;0;0;0;0;0;0;0;-4;44;423466301;6;1;0;0;0;0;0;0;0;0;0;0;0;0;0;0;0
-13;0;-1;7;1;0;0;0;0;0;0;0;0;0;0;0;0;0;0;0;0;0;0;0;0;0;0;0;0;0;-4;-84670692;1.0e+INF;66;2;0;0;0;0;0;0;0;0;0;0;0;0;0;0;0
-13;0;-111111;777;3;0;0;0;0;0;0;0;0;0;0;-4;0;111;7;1;0;0;0;0;0;-4;0;120;7;1;-4;0;1.562354752602562e+20;777727;5;0;0;0;0;0;0;0;0;0;0;0;0;0;0;0
0;0;0;0;0;-12;0;-1;6;1;-6;0;-1;6;1;-4;0;104;6;1;-4;-4;102;6;1;0;0;0;0;0;-4;4;4.2322110848119425e+23;66666666;8;0;0;0;0;0;0;0;0;0;0;0;0;0;0;0
0;0;0;0;0;0;0;0;0;0;0;0;0;0;0;0;0;0;0;0;0;0;0;0;0;0;0;0;0;0;-4;4444;457174489490457.0;6;1;0;0;0;0;0;0;0;0;0;0;0;0;0;0;0
0;0;0;0;0;0;0;0;0;0;0;0;0;0;0;0;0;0;0;0;0;0;0;0;0;0;0;0;0;0;0;0;0;0;0;0;0;0;0;0;0;0;0;6;1;0;0;0;0;0
0;0;0;0;0;0;0;0;0;0;0;0;0;0;0;0;0;0;0;0;0;0;0;0;0;0;0;0;0;0;-4;44;491423492;27;1;0;0;0;0;0;0;0;0;0;0;0;0;0;0;0
0;0;0;0;0;0;0;0;0;0;0;0;0;0;0;0;0;0;0;0;0;0;0;0;0;0;0;0;0;0;-4;4444;491421493494492.0;27;1;0;0;0;0;0;0;0;0;0;0;0;0;0;0;0
0;0;0;0;0;0;0;0;0;0;0;0;0;0;0;0;0;0;0;0;0;0;0;0;0;0;0;0;0;0;-4;4;491457;6;1;0;0;0;0;0;0;0;0;0;0;0;0;0;0;0
-6;0;-1;7;1;0;0;0;0;0;0;0;0;0;0;0;0;0;0;0;0;0;0;0;0;0;0;0;0;0;-4;444;491426495493.0;7;1;0;0;0;0;0;0;0;0;0;0;0;0;0;0;0
0;0;0;0;0;0;0;0;0;0;0;0;0;0;0;0;0;0;0;0;0;0;0;0;0;0;0;0;0;0;-4;44444;423496254497498.0;24;1;0;0;0;0;0;0;0;0;0;0;0;0;0;0;0
0;0;0;0;0;-4;0;-1;6;1;0;0;0;0;0;0;0;0;0;0;0;0;0;0;0;0;0;0;0;0;-4;44444;491426495124.0499;7246666;6;0;0;0;0;0;0;0;0;0;0;0;0;0;0;0
0;0;0;0;0;-4;0;-1;24;1;0;0;0;0;0;0;0;0;0;0;0;0;0;0;0;0;0;0;0;0;-4;444;509260499261.051;242424242424.0;6;0;0;0;0;0;0;0;0;0;0;0;0;0;0;0
-6;-6;-11;31;1;0;0;0;0;0;0;0;0;0;0;0;0;0;0;0;0;0;0;0;0;0;0;0;0;0;-4;44444;513349466249514.0;31;1;0;0;0;0;0;0;0;0;0;0;0;0;0;0;0
-6;-6;-11;31;1;0;0;0;0;0;0;0;0;0;0;0;0;0;0;0;0;0;0;0;0;0;0;0;0;0;-4;44444;513397465249514.0;31;1;0;0;0;0;0;0;0;0;0;0;0;0;0;0;0
-6;-66;-111;31;1;0;0;0;0;0;0;0;0;0;0;0;0;0;0;0;0;0;0;0;0;0;0;0;0;0;-4;44;283515302;31;1;0;0;0;0;0;0;0;0;0;0;0;0;0;0;0
-6;-66;-111;31;1;0;0;0;0;0;0;0;0;0;0;0;0;0;0;0;0;0;0;0;0;0;0;0;0;0;-4;44;283516302;31;1;0;0;0;0;0;0;0;0;0;0;0;0;0;0;0
-6;-66;-111;31;1;0;0;0;0;0;0;0;0;0;0;0;0;0;0;0;0;0;0;0;0;0;0;0;0;0;-4;44;283516301;31;1;0;0;0;0;0;0;0;0;0;0;0;0;0;0;0
-6;-66;-111;31;1;0;0;0;0;0;0;0;0;0;0;0;0;0;0;0;0;0;0;0;0;0;0;0;0;0;-4;44;283515301;31;1;0;0;0;0;0;0;0;0;0;0;0;0;0;0;0
0;0;0;0;0;-4;0;-1;24;1;0;0;0;0;0;0;0;0;0;0;0;0;0;0;0;0;0;0;0;0;-4;444;5.175125184385165e+20;2424;2;0;0;0;0;0;0;0;0;0;0;0;0;0;0;0
0;0;0;0;0;0;0;0;0;0;0;0;0;0;0;0;0;0;0;0;0;0;0;0;0;0;0;0;0;0;-4;44;491521522;6;1;0;0;0;0;0;0;0;0;0;0;0;0;0;0;0
0;0;0;0;0;0;0;0;0;0;0;0;0;0;0;0;0;0;0;0;0;0;0;0;0;0;0;0;0;0;-4;4;495438;6;1;0;0;0;0;0;0;0;0;0;0;0;0;0;0;0
0;0;0;0;0;0;0;0;0;0;0;0;0;0;0;0;0;0;0;0;0;0;0;0;0;0;0;0;0;0;-4;44444;155345464523457.0;24;1;0;0;0;0;0;0;0;0;0;0;0;0;0;0;0
-15;0;-1;32;1;-4;0;-1;32;1;0;0;0;0;0;0;0;0;0;0;0;0;0;0;0;0;0;0;0;0;-4;4;517515516525.0;326;2;0;0;0;0;0;0;0;0;0;0;0;0;0;0;0
-6;0;-1;7;1;0;0;0;0;0;0;0;0;0;0;-4;0;118;7;1;0;0;0;0;0;0;0;0;0;0;-4;44;526474527;7;1;0;0;0;0;0;0;0;0;0;0;0;0;0;0;0
0;0;0;0;0;1;0;-1;7;1;0;0;0;0;0;0;0;0;0;0;0;0;0;0;0;0;0;0;0;0;0;0;0;0;0;0;0;0;0;0;0;0;0;0;0;0;0;0;0;0
-6;0;-1;31;1;0;0;0;0;0;0;0;0;0;0;0;0;0;0;0;0;0;0;0;0;0;0;0;0;0;-4;44444;242144124;31;1;0;0;0;0;0;0;0;0;0;0;0;0;0;0;0
0;0;0;0;0;0;0;0;0;0;0;0;0;0;0;0;0;0;0;0;0;0;0;0;0;0;0;0;0;0;0;0;0;0;0;0;0;0;0;0;0;0;0;0;0;-4;0;100;6;1
0;0;0;0;0;0;0;0;0;0;0;0;0;0;0;0;0;0;0;0;0;0;0;0;0;0;0;0;0;0;0;0;0;0;0;0;0;0;0;0;0;0;0;0;0;-4;0;100;6;1
0;0;0;0;0;0;0;0;0;0;0;0;0;0;0;0;0;0;0;0;0;0;0;0;0;0;0;0;0;0;0;0;0;0;0;0;0;0;0;0;0;0;0;0;0;-4;0;100;6;1
0;0;0;0;0;0;0;0;0;0;0;0;0;0;0;0;0;0;0;0;0;0;0;0;0;0;0;0;0;0;-4;0;221312314310.0;2424;2;0;0;0;0;0;0;0;0;0;0;0;0;0;0;0
0;0;0;0;0;0;0;0;0;0;0;0;0;0;0;-4;-4;126126;6;1;0;0;0;0;0;0;0;0;0;0;-4;44;530531532531532.0;2424;2;8;0;1;6;1;0;0;0;0;0;0;0;0;0;0
0;0;0;0;0;0;0;0;0;0;0;0;0;0;0;0;0;0;0;0;0;0;0;0;0;0;0;0;0;0;0;0;0;0;0;0;0;0;0;0;0;0;0;24;1;0;0;0;0;0
0;0;0;0;0;0;0;0;0;0;0;0;0;0;0;0;0;0;0;0;0;0;0;0;0;0;0;0;0;0;0;0;0;0;0;0;0;0;0;0;0;0;0;24;1;0;0;0;0;0
0;0;0;0;0;0;0;0;0;0;0;0;0;0;0;0;0;0;0;0;0;0;0;0;0;0;0;0;0;0;0;0;0;0;0;0;0;0;0;0;0;0;0;24;1;0;0;0;0;0
0;0;0;0;0;0;0;0;0;0;0;0;0;0;0;0;0;0;0;0;0;0;0;0;0;0;0;0;0;0;0;0;0;0;0;0;0;0;0;0;0;0;0;24;1;0;0;0;0;0
0;0;0;0;0;0;0;0;0;0;0;0;0;0;0;0;0;0;0;0;0;0;0;0;0;0;0;0;0;0;0;0;0;0;0;0;0;0;0;0;0;0;0;24;1;0;0;0;0;0
0;0;0;0;0;0;0;0;0;0;0;0;0;0;0;0;0;0;0;0;0;0;0;0;0;0;0;0;0;0;0;0;0;0;0;0;0;0;0;0;0;0;0;0;0;-4;0;100;27;1
0;0;0;0;0;0;0;0;0;0;0;0;0;0;0;0;0;0;0;0;0;0;0;0;0;0;0;0;0;0;0;0;0;0;0;0;0;0;0;0;0;0;0;0;0;-4;0;100;27;1
0;0;0;0;0;0;0;0;0;0;0;0;0;0;0;0;0;0;0;0;0;0;0;0;0;0;0;0;0;0;-4;44;491124536;2727;2;0;0;0;0;0;0;0;0;0;0;0;0;0;0;0
0;0;0;0;0;-4;0;-1;6;1;0;0;0;0;0;-4;-4;109109104109.0;666;3;-4;-4;141;6;1;0;0;0;0;0;-4;4;425215108538539.0;67;2;0;0;0;0;0;0;0;0;0;0;-4;0;100;6;1
0;-1650;-1111;7;1;0;0;0;0;0;0;0;0;0;0;0;0;0;0;0;0;0;0;0;0;0;0;0;0;0;-4;444;541542124.0543544;727;2;0;0;0;0;0;0;0;0;0;0;0;0;0;0;0
0;0;0;0;0;-12;0;-1;6;1;-6;0;-1;33;1;-4;0;1.041091091051051e+17;66272433;5;-4;-4;143144120145.0;663327;4;-4;0;0;33733;3;-4;0;1.0e+INF;6.273333246666356e+30;22;8;808080;1111;33343333;4;0;0;0;0;0;0;0;0;0;0
-15;-150;-111;7;1;0;0;0;0;0;0;0;0;0;0;-4;0;104;7;1;-4;-4;146;6;1;0;0;0;0;0;-4;0;108;6;1;0;0;0;0;0;0;0;0;0;0;-4;0;100;6;1
0;0;0;0;0;0;0;-1;7;1;0;0;0;0;0;0;0;0;0;0;0;0;0;0;0;0;0;0;0;0;-4;0;108374236;77;2;0;0;0;0;0;0;0;0;0;0;-4;0;100;7;1
0;0;0;0;0;0;0;0;0;0;0;0;0;0;0;0;0;0;0;0;0;0;0;0;0;0;0;0;0;0;-4;44444;491379569570.0;7;1;0;0;0;0;0;0;0;0;0;0;0;0;0;0;0
0;0;0;0;0;0;0;0;0;0;0;0;0;0;0;0;0;0;0;0;0;0;0;0;0;0;0;0;0;0;0;0;0;0;0;0;0;0;0;0;0;0;0;0;0;-4;0;100;7;1
0;0;0;0;0;0;0;0;0;0;0;0;0;0;0;0;0;0;0;0;0;0;0;0;0;0;0;0;0;0;-4;4;571572573379574.0;77;2;0;0;0;0;0;0;0;0;0;0;0;0;0;0;0
0;0;0;0;0;0;0;0;0;0;0;0;0;0;0;0;0;0;0;0;0;0;0;0;0;0;0;0;0;0;0;0;0;0;0;0;0;0;0;0;0;0;0;0;0;-4;0;100;7;1
0;0;0;0;0;0;0;0;0;0;0;0;0;0;0;0;0;0;0;0;0;0;0;0;0;0;0;0;0;0;-4;0;236;7;1;0;0;0;0;0;0;0;0;0;0;0;0;0;0;0
0;0;0;0;0;0;0;-1;27;1;-2;0;-1;27;1;0;0;0;0;0;-4;-4;114;27;1;-4;0;0;7;1;-4;0;577;7;1;0;0;0;0;0;0;0;0;0;0;-4;0;100100;277;2
0;0;0;0;0;0;0;-1;376;2;-2;0;-1;36;1;-4;0;107;6;1;-4;-4;114;37;1;0;0;0;0;0;-4;0;2.2122457958058158e+178;366666666;8;0;0;0;0;0;0;0;0;0;0;0;0;0;0;0
0;0;0;0;0;0;0;-1;6;1;-2;0;-1;6;1;0;0;0;0;0;-4;-4;114;6;1;0;0;0;0;0;-4;0;423590423221.0;66;2;0;0;0;0;0;0;0;0;0;0;0;0;0;0;0
0;0;0;0;0;0;0;-1;7777;4;-2;0;-1;7;1;0;0;0;0;0;-4;-4;114;7;1;0;0;0;0;0;-4;44;1.1111110810836611e+23;7777;4;0;0;0;0;0;0;0;0;0;0;-4;0;100;7;1
0;0;0;0;0;0;0;-1;777;3;-2;0;-1;7;1;0;0;0;0;0;-4;-4;114;7;1;0;0;0;0;0;-4;0;111108366108366.0;777;3;0;0;0;0;0;0;0;0;0;0;-4;0;100;7;1
